USE [master]
GO
/****** Object:  Database [portfoliomanagement]    Script Date: 5/1/2019 8:59:59 PM ******/
CREATE DATABASE [portfoliomanagement]
 CONTAINMENT = NONE
 ON  PRIMARY 
( NAME = N'portfoliomanagement', FILENAME = N'C:\Program Files\Microsoft SQL Server\MSSQL14.SQLEXPRESS\MSSQL\DATA\portfoliomanagement.mdf' , SIZE = 8192KB , MAXSIZE = UNLIMITED, FILEGROWTH = 65536KB )
 LOG ON 
( NAME = N'portfoliomanagement_log', FILENAME = N'C:\Program Files\Microsoft SQL Server\MSSQL14.SQLEXPRESS\MSSQL\DATA\portfoliomanagement.ldf' , SIZE = 8192KB , MAXSIZE = 2048GB , FILEGROWTH = 65536KB )
GO
ALTER DATABASE [portfoliomanagement] SET COMPATIBILITY_LEVEL = 140
GO
IF (1 = FULLTEXTSERVICEPROPERTY('IsFullTextInstalled'))
begin
EXEC [portfoliomanagement].[dbo].[sp_fulltext_database] @action = 'enable'
end
GO
ALTER DATABASE [portfoliomanagement] SET ANSI_NULL_DEFAULT ON 
GO
ALTER DATABASE [portfoliomanagement] SET ANSI_NULLS ON 
GO
ALTER DATABASE [portfoliomanagement] SET ANSI_PADDING ON 
GO
ALTER DATABASE [portfoliomanagement] SET ANSI_WARNINGS ON 
GO
ALTER DATABASE [portfoliomanagement] SET ARITHABORT ON 
GO
ALTER DATABASE [portfoliomanagement] SET AUTO_CLOSE OFF 
GO
ALTER DATABASE [portfoliomanagement] SET AUTO_SHRINK OFF 
GO
ALTER DATABASE [portfoliomanagement] SET AUTO_UPDATE_STATISTICS ON 
GO
ALTER DATABASE [portfoliomanagement] SET CURSOR_CLOSE_ON_COMMIT OFF 
GO
ALTER DATABASE [portfoliomanagement] SET CURSOR_DEFAULT  LOCAL 
GO
ALTER DATABASE [portfoliomanagement] SET CONCAT_NULL_YIELDS_NULL ON 
GO
ALTER DATABASE [portfoliomanagement] SET NUMERIC_ROUNDABORT OFF 
GO
ALTER DATABASE [portfoliomanagement] SET QUOTED_IDENTIFIER ON 
GO
ALTER DATABASE [portfoliomanagement] SET RECURSIVE_TRIGGERS OFF 
GO
ALTER DATABASE [portfoliomanagement] SET  DISABLE_BROKER 
GO
ALTER DATABASE [portfoliomanagement] SET AUTO_UPDATE_STATISTICS_ASYNC OFF 
GO
ALTER DATABASE [portfoliomanagement] SET DATE_CORRELATION_OPTIMIZATION OFF 
GO
ALTER DATABASE [portfoliomanagement] SET TRUSTWORTHY OFF 
GO
ALTER DATABASE [portfoliomanagement] SET ALLOW_SNAPSHOT_ISOLATION OFF 
GO
ALTER DATABASE [portfoliomanagement] SET PARAMETERIZATION SIMPLE 
GO
ALTER DATABASE [portfoliomanagement] SET READ_COMMITTED_SNAPSHOT OFF 
GO
ALTER DATABASE [portfoliomanagement] SET HONOR_BROKER_PRIORITY OFF 
GO
ALTER DATABASE [portfoliomanagement] SET RECOVERY FULL 
GO
ALTER DATABASE [portfoliomanagement] SET  MULTI_USER 
GO
ALTER DATABASE [portfoliomanagement] SET PAGE_VERIFY CHECKSUM  
GO
ALTER DATABASE [portfoliomanagement] SET DB_CHAINING OFF 
GO
ALTER DATABASE [portfoliomanagement] SET FILESTREAM( NON_TRANSACTED_ACCESS = OFF ) 
GO
ALTER DATABASE [portfoliomanagement] SET TARGET_RECOVERY_TIME = 60 SECONDS 
GO
ALTER DATABASE [portfoliomanagement] SET DELAYED_DURABILITY = DISABLED 
GO
ALTER DATABASE [portfoliomanagement] SET QUERY_STORE = OFF
GO
USE [portfoliomanagement]
GO
/****** Object:  User [portfolio_svc]    Script Date: 5/1/2019 8:59:59 PM ******/
CREATE USER [portfolio_svc] FOR LOGIN [portfolio_svc] WITH DEFAULT_SCHEMA=[dbo]
GO
/****** Object:  Table [dbo].[compnay]    Script Date: 5/1/2019 8:59:59 PM ******/
SET ANSI_NULLS ON
GO
SET QUOTED_IDENTIFIER ON
GO
CREATE TABLE [dbo].[compnay](
	[symbol] [nchar](10) NOT NULL,
	[name] [varchar](50) NOT NULL,
	[id] [int] IDENTITY(1,1) NOT NULL,
 CONSTRAINT [PK_compnay] PRIMARY KEY CLUSTERED 
(
	[id] ASC
)WITH (PAD_INDEX = OFF, STATISTICS_NORECOMPUTE = OFF, IGNORE_DUP_KEY = OFF, ALLOW_ROW_LOCKS = ON, ALLOW_PAGE_LOCKS = ON) ON [PRIMARY]
) ON [PRIMARY]
GO
/****** Object:  Table [dbo].[ledger]    Script Date: 5/1/2019 8:59:59 PM ******/
SET ANSI_NULLS ON
GO
SET QUOTED_IDENTIFIER ON
GO
CREATE TABLE [dbo].[ledger](
	[stock_id] [int] NOT NULL,
	[date] [datetime] NOT NULL,
	[quantity] [int] NOT NULL,
	[type] [varchar](50) NOT NULL,
	[user_id] [int] NOT NULL,
	[id] [int] IDENTITY(1,1) NOT NULL,
 CONSTRAINT [PK_ledger] PRIMARY KEY CLUSTERED 
(
	[id] ASC
)WITH (PAD_INDEX = OFF, STATISTICS_NORECOMPUTE = OFF, IGNORE_DUP_KEY = OFF, ALLOW_ROW_LOCKS = ON, ALLOW_PAGE_LOCKS = ON) ON [PRIMARY]
) ON [PRIMARY]
GO
/****** Object:  Table [dbo].[price]    Script Date: 5/1/2019 8:59:59 PM ******/
SET ANSI_NULLS ON
GO
SET QUOTED_IDENTIFIER ON
GO
CREATE TABLE [dbo].[price](
	[date] [date] NOT NULL,
	[stock_id] [int] NOT NULL,
	[price] [float] NOT NULL,
 CONSTRAINT [PK_price] PRIMARY KEY CLUSTERED 
(
	[date] ASC,
	[stock_id] ASC
)WITH (PAD_INDEX = OFF, STATISTICS_NORECOMPUTE = OFF, IGNORE_DUP_KEY = OFF, ALLOW_ROW_LOCKS = ON, ALLOW_PAGE_LOCKS = ON) ON [PRIMARY]
) ON [PRIMARY]
GO
/****** Object:  Table [dbo].[user]    Script Date: 5/1/2019 8:59:59 PM ******/
SET ANSI_NULLS ON
GO
SET QUOTED_IDENTIFIER ON
GO
CREATE TABLE [dbo].[user](
	[name] [nvarchar](50) NOT NULL,
	[salt] [binary](8) NOT NULL,
	[hash] [binary](64) NOT NULL,
	[id] [int] IDENTITY(1,1) NOT NULL,
 CONSTRAINT [PK_user] PRIMARY KEY CLUSTERED 
(
	[id] ASC
)WITH (PAD_INDEX = OFF, STATISTICS_NORECOMPUTE = OFF, IGNORE_DUP_KEY = OFF, ALLOW_ROW_LOCKS = ON, ALLOW_PAGE_LOCKS = ON) ON [PRIMARY]
) ON [PRIMARY]
GO
SET IDENTITY_INSERT [dbo].[compnay] ON 

INSERT [dbo].[compnay] ([symbol], [name], [id]) VALUES (N'MSFT      ', N'Microsoft', 1)
INSERT [dbo].[compnay] ([symbol], [name], [id]) VALUES (N'AAPL      ', N'Apple Inc.', 2)
INSERT [dbo].[compnay] ([symbol], [name], [id]) VALUES (N'HD        ', N'Home Depot', 3)
INSERT [dbo].[compnay] ([symbol], [name], [id]) VALUES (N'TGT       ', N'Target', 4)
INSERT [dbo].[compnay] ([symbol], [name], [id]) VALUES (N'KO        ', N'Coca Cola Company', 5)
SET IDENTITY_INSERT [dbo].[compnay] OFF
SET IDENTITY_INSERT [dbo].[ledger] ON 

INSERT [dbo].[ledger] ([stock_id], [date], [quantity], [type], [user_id], [id]) VALUES (3, CAST(N'2018-05-01T00:00:00.000' AS DateTime), 100, N'BUY', 2, 1)
INSERT [dbo].[ledger] ([stock_id], [date], [quantity], [type], [user_id], [id]) VALUES (4, CAST(N'2018-05-01T00:00:00.000' AS DateTime), 100, N'BUY', 2, 2)
INSERT [dbo].[ledger] ([stock_id], [date], [quantity], [type], [user_id], [id]) VALUES (3, CAST(N'2018-05-07T00:00:00.000' AS DateTime), 200, N'BUY', 2, 3)
INSERT [dbo].[ledger] ([stock_id], [date], [quantity], [type], [user_id], [id]) VALUES (3, CAST(N'2018-09-05T00:00:00.000' AS DateTime), 100, N'SELL', 2, 4)
INSERT [dbo].[ledger] ([stock_id], [date], [quantity], [type], [user_id], [id]) VALUES (4, CAST(N'2019-02-04T00:00:00.000' AS DateTime), 50, N'SELL', 2, 5)
INSERT [dbo].[ledger] ([stock_id], [date], [quantity], [type], [user_id], [id]) VALUES (1, CAST(N'2018-05-01T00:00:00.000' AS DateTime), 100, N'BUY', 3, 6)
INSERT [dbo].[ledger] ([stock_id], [date], [quantity], [type], [user_id], [id]) VALUES (5, CAST(N'2018-05-01T00:00:00.000' AS DateTime), 100, N'BUY', 3, 7)
INSERT [dbo].[ledger] ([stock_id], [date], [quantity], [type], [user_id], [id]) VALUES (3, CAST(N'2018-05-07T00:00:00.000' AS DateTime), 200, N'BUY', 3, 8)
INSERT [dbo].[ledger] ([stock_id], [date], [quantity], [type], [user_id], [id]) VALUES (1, CAST(N'2018-09-05T00:00:00.000' AS DateTime), 100, N'SELL', 3, 9)
INSERT [dbo].[ledger] ([stock_id], [date], [quantity], [type], [user_id], [id]) VALUES (5, CAST(N'2019-02-04T00:00:00.000' AS DateTime), 50, N'SELL', 3, 10)
INSERT [dbo].[ledger] ([stock_id], [date], [quantity], [type], [user_id], [id]) VALUES (1, CAST(N'2018-05-01T00:00:00.000' AS DateTime), 100, N'BUY', 4, 11)
INSERT [dbo].[ledger] ([stock_id], [date], [quantity], [type], [user_id], [id]) VALUES (4, CAST(N'2018-05-01T00:00:00.000' AS DateTime), 100, N'BUY', 4, 12)
INSERT [dbo].[ledger] ([stock_id], [date], [quantity], [type], [user_id], [id]) VALUES (5, CAST(N'2018-05-07T00:00:00.000' AS DateTime), 200, N'BUY', 4, 13)
INSERT [dbo].[ledger] ([stock_id], [date], [quantity], [type], [user_id], [id]) VALUES (5, CAST(N'2018-09-05T00:00:00.000' AS DateTime), 100, N'SELL', 4, 14)
INSERT [dbo].[ledger] ([stock_id], [date], [quantity], [type], [user_id], [id]) VALUES (4, CAST(N'2019-02-04T00:00:00.000' AS DateTime), 50, N'SELL', 4, 15)
SET IDENTITY_INSERT [dbo].[ledger] OFF
INSERT [dbo].[price] ([date], [stock_id], [price]) VALUES (CAST(N'2018-05-01' AS Date), 1, 93.423088)
INSERT [dbo].[price] ([date], [stock_id], [price]) VALUES (CAST(N'2018-05-01' AS Date), 2, 166.563705)
INSERT [dbo].[price] ([date], [stock_id], [price]) VALUES (CAST(N'2018-05-01' AS Date), 3, 180.237457)
INSERT [dbo].[price] ([date], [stock_id], [price]) VALUES (CAST(N'2018-05-01' AS Date), 4, 68.731522)
INSERT [dbo].[price] ([date], [stock_id], [price]) VALUES (CAST(N'2018-05-01' AS Date), 5, 41.170189)
INSERT [dbo].[price] ([date], [stock_id], [price]) VALUES (CAST(N'2018-05-02' AS Date), 1, 91.957832)
INSERT [dbo].[price] ([date], [stock_id], [price]) VALUES (CAST(N'2018-05-02' AS Date), 2, 173.921677)
INSERT [dbo].[price] ([date], [stock_id], [price]) VALUES (CAST(N'2018-05-02' AS Date), 3, 181.486984)
INSERT [dbo].[price] ([date], [stock_id], [price]) VALUES (CAST(N'2018-05-02' AS Date), 4, 69.099014)
INSERT [dbo].[price] ([date], [stock_id], [price]) VALUES (CAST(N'2018-05-02' AS Date), 5, 40.65786)
INSERT [dbo].[price] ([date], [stock_id], [price]) VALUES (CAST(N'2018-05-03' AS Date), 1, 92.50853)
INSERT [dbo].[price] ([date], [stock_id], [price]) VALUES (CAST(N'2018-05-03' AS Date), 2, 174.236862)
INSERT [dbo].[price] ([date], [stock_id], [price]) VALUES (CAST(N'2018-05-03' AS Date), 3, 178.831696)
INSERT [dbo].[price] ([date], [stock_id], [price]) VALUES (CAST(N'2018-05-03' AS Date), 4, 68.808891)
INSERT [dbo].[price] ([date], [stock_id], [price]) VALUES (CAST(N'2018-05-03' AS Date), 5, 40.493526)
INSERT [dbo].[price] ([date], [stock_id], [price]) VALUES (CAST(N'2018-05-04' AS Date), 1, 93.580437)
INSERT [dbo].[price] ([date], [stock_id], [price]) VALUES (CAST(N'2018-05-04' AS Date), 2, 181.072769)
INSERT [dbo].[price] ([date], [stock_id], [price]) VALUES (CAST(N'2018-05-04' AS Date), 3, 180.62793)
INSERT [dbo].[price] ([date], [stock_id], [price]) VALUES (CAST(N'2018-05-04' AS Date), 4, 68.712173)
INSERT [dbo].[price] ([date], [stock_id], [price]) VALUES (CAST(N'2018-05-04' AS Date), 5, 40.947853)
INSERT [dbo].[price] ([date], [stock_id], [price]) VALUES (CAST(N'2018-05-07' AS Date), 1, 94.622849)
INSERT [dbo].[price] ([date], [stock_id], [price]) VALUES (CAST(N'2018-05-07' AS Date), 2, 182.382813)
INSERT [dbo].[price] ([date], [stock_id], [price]) VALUES (CAST(N'2018-05-07' AS Date), 3, 179.192902)
INSERT [dbo].[price] ([date], [stock_id], [price]) VALUES (CAST(N'2018-05-07' AS Date), 4, 67.048775)
INSERT [dbo].[price] ([date], [stock_id], [price]) VALUES (CAST(N'2018-05-07' AS Date), 5, 40.735191)
INSERT [dbo].[price] ([date], [stock_id], [price]) VALUES (CAST(N'2018-05-08' AS Date), 1, 94.21965)
INSERT [dbo].[price] ([date], [stock_id], [price]) VALUES (CAST(N'2018-05-08' AS Date), 2, 183.259476)
INSERT [dbo].[price] ([date], [stock_id], [price]) VALUES (CAST(N'2018-05-08' AS Date), 3, 180.63768)
INSERT [dbo].[price] ([date], [stock_id], [price]) VALUES (CAST(N'2018-05-08' AS Date), 4, 67.135803)
INSERT [dbo].[price] ([date], [stock_id], [price]) VALUES (CAST(N'2018-05-08' AS Date), 5, 40.416191)
INSERT [dbo].[price] ([date], [stock_id], [price]) VALUES (CAST(N'2018-05-09' AS Date), 1, 95.330902)
INSERT [dbo].[price] ([date], [stock_id], [price]) VALUES (CAST(N'2018-05-09' AS Date), 2, 184.549835)
INSERT [dbo].[price] ([date], [stock_id], [price]) VALUES (CAST(N'2018-05-09' AS Date), 3, 181.9263)
INSERT [dbo].[price] ([date], [stock_id], [price]) VALUES (CAST(N'2018-05-09' AS Date), 4, 67.629028)
INSERT [dbo].[price] ([date], [stock_id], [price]) VALUES (CAST(N'2018-05-09' AS Date), 5, 40.387188)
INSERT [dbo].[price] ([date], [stock_id], [price]) VALUES (CAST(N'2018-05-10' AS Date), 1, 96.284805)
INSERT [dbo].[price] ([date], [stock_id], [price]) VALUES (CAST(N'2018-05-10' AS Date), 2, 187.189621)
INSERT [dbo].[price] ([date], [stock_id], [price]) VALUES (CAST(N'2018-05-10' AS Date), 3, 182.707245)
INSERT [dbo].[price] ([date], [stock_id], [price]) VALUES (CAST(N'2018-05-10' AS Date), 4, 67.928818)
INSERT [dbo].[price] ([date], [stock_id], [price]) VALUES (CAST(N'2018-05-10' AS Date), 5, 40.773857)
INSERT [dbo].[price] ([date], [stock_id], [price]) VALUES (CAST(N'2018-05-11' AS Date), 1, 96.078278)
INSERT [dbo].[price] ([date], [stock_id], [price]) VALUES (CAST(N'2018-05-11' AS Date), 2, 186.477692)
INSERT [dbo].[price] ([date], [stock_id], [price]) VALUES (CAST(N'2018-05-11' AS Date), 3, 185.782303)
INSERT [dbo].[price] ([date], [stock_id], [price]) VALUES (CAST(N'2018-05-11' AS Date), 4, 67.938499)
INSERT [dbo].[price] ([date], [stock_id], [price]) VALUES (CAST(N'2018-05-11' AS Date), 5, 40.735191)
INSERT [dbo].[price] ([date], [stock_id], [price]) VALUES (CAST(N'2018-05-14' AS Date), 1, 96.402802)
INSERT [dbo].[price] ([date], [stock_id], [price]) VALUES (CAST(N'2018-05-14' AS Date), 2, 186.042618)
INSERT [dbo].[price] ([date], [stock_id], [price]) VALUES (CAST(N'2018-05-14' AS Date), 3, 186.533981)
INSERT [dbo].[price] ([date], [stock_id], [price]) VALUES (CAST(N'2018-05-14' AS Date), 4, 70.501312)
INSERT [dbo].[price] ([date], [stock_id], [price]) VALUES (CAST(N'2018-05-14' AS Date), 5, 40.638519)
INSERT [dbo].[price] ([date], [stock_id], [price]) VALUES (CAST(N'2018-05-15' AS Date), 1, 95.70459)
INSERT [dbo].[price] ([date], [stock_id], [price]) VALUES (CAST(N'2018-05-15' AS Date), 2, 184.351776)
INSERT [dbo].[price] ([date], [stock_id], [price]) VALUES (CAST(N'2018-05-15' AS Date), 3, 183.507751)
INSERT [dbo].[price] ([date], [stock_id], [price]) VALUES (CAST(N'2018-05-15' AS Date), 4, 71.281624)
INSERT [dbo].[price] ([date], [stock_id], [price]) VALUES (CAST(N'2018-05-15' AS Date), 5, 40.329189)
INSERT [dbo].[price] ([date], [stock_id], [price]) VALUES (CAST(N'2018-05-16' AS Date), 1, 95.9515)
INSERT [dbo].[price] ([date], [stock_id], [price]) VALUES (CAST(N'2018-05-16' AS Date), 2, 186.072266)
INSERT [dbo].[price] ([date], [stock_id], [price]) VALUES (CAST(N'2018-05-16' AS Date), 3, 181.945816)
INSERT [dbo].[price] ([date], [stock_id], [price]) VALUES (CAST(N'2018-05-16' AS Date), 4, 73.378708)
INSERT [dbo].[price] ([date], [stock_id], [price]) VALUES (CAST(N'2018-05-16' AS Date), 5, 40.164856)
INSERT [dbo].[price] ([date], [stock_id], [price]) VALUES (CAST(N'2018-05-17' AS Date), 1, 94.993469)
INSERT [dbo].[price] ([date], [stock_id], [price]) VALUES (CAST(N'2018-05-17' AS Date), 2, 184.895615)
INSERT [dbo].[price] ([date], [stock_id], [price]) VALUES (CAST(N'2018-05-17' AS Date), 3, 180.920792)
INSERT [dbo].[price] ([date], [stock_id], [price]) VALUES (CAST(N'2018-05-17' AS Date), 4, 73.963943)
INSERT [dbo].[price] ([date], [stock_id], [price]) VALUES (CAST(N'2018-05-17' AS Date), 5, 40.889854)
INSERT [dbo].[price] ([date], [stock_id], [price]) VALUES (CAST(N'2018-05-18' AS Date), 1, 95.171249)
INSERT [dbo].[price] ([date], [stock_id], [price]) VALUES (CAST(N'2018-05-18' AS Date), 2, 184.223236)
INSERT [dbo].[price] ([date], [stock_id], [price]) VALUES (CAST(N'2018-05-18' AS Date), 3, 182.96106)
INSERT [dbo].[price] ([date], [stock_id], [price]) VALUES (CAST(N'2018-05-18' AS Date), 4, 74.071236)
INSERT [dbo].[price] ([date], [stock_id], [price]) VALUES (CAST(N'2018-05-18' AS Date), 5, 40.773857)
INSERT [dbo].[price] ([date], [stock_id], [price]) VALUES (CAST(N'2018-05-21' AS Date), 1, 96.39595)
INSERT [dbo].[price] ([date], [stock_id], [price]) VALUES (CAST(N'2018-05-21' AS Date), 2, 185.528442)
INSERT [dbo].[price] ([date], [stock_id], [price]) VALUES (CAST(N'2018-05-21' AS Date), 3, 185.274673)
INSERT [dbo].[price] ([date], [stock_id], [price]) VALUES (CAST(N'2018-05-21' AS Date), 4, 74.978355)
INSERT [dbo].[price] ([date], [stock_id], [price]) VALUES (CAST(N'2018-05-21' AS Date), 5, 40.996189)
INSERT [dbo].[price] ([date], [stock_id], [price]) VALUES (CAST(N'2018-05-22' AS Date), 1, 96.297188)
INSERT [dbo].[price] ([date], [stock_id], [price]) VALUES (CAST(N'2018-05-22' AS Date), 2, 185.063721)
INSERT [dbo].[price] ([date], [stock_id], [price]) VALUES (CAST(N'2018-05-22' AS Date), 3, 182.424149)
INSERT [dbo].[price] ([date], [stock_id], [price]) VALUES (CAST(N'2018-05-22' AS Date), 4, 73.612801)
INSERT [dbo].[price] ([date], [stock_id], [price]) VALUES (CAST(N'2018-05-22' AS Date), 5, 40.841522)
INSERT [dbo].[price] ([date], [stock_id], [price]) VALUES (CAST(N'2018-05-23' AS Date), 1, 97.442871)
INSERT [dbo].[price] ([date], [stock_id], [price]) VALUES (CAST(N'2018-05-23' AS Date), 2, 186.250259)
INSERT [dbo].[price] ([date], [stock_id], [price]) VALUES (CAST(N'2018-05-23' AS Date), 3, 182.228912)
INSERT [dbo].[price] ([date], [stock_id], [price]) VALUES (CAST(N'2018-05-23' AS Date), 4, 69.418617)
INSERT [dbo].[price] ([date], [stock_id], [price]) VALUES (CAST(N'2018-05-23' AS Date), 5, 40.986526)
INSERT [dbo].[price] ([date], [stock_id], [price]) VALUES (CAST(N'2018-05-24' AS Date), 1, 97.097191)
INSERT [dbo].[price] ([date], [stock_id], [price]) VALUES (CAST(N'2018-05-24' AS Date), 2, 186.042618)
INSERT [dbo].[price] ([date], [stock_id], [price]) VALUES (CAST(N'2018-05-24' AS Date), 3, 182.697479)
INSERT [dbo].[price] ([date], [stock_id], [price]) VALUES (CAST(N'2018-05-24' AS Date), 4, 69.194283)
INSERT [dbo].[price] ([date], [stock_id], [price]) VALUES (CAST(N'2018-05-24' AS Date), 5, 40.909187)
INSERT [dbo].[price] ([date], [stock_id], [price]) VALUES (CAST(N'2018-05-25' AS Date), 1, 97.146576)
INSERT [dbo].[price] ([date], [stock_id], [price]) VALUES (CAST(N'2018-05-25' AS Date), 2, 186.467804)
INSERT [dbo].[price] ([date], [stock_id], [price]) VALUES (CAST(N'2018-05-25' AS Date), 3, 182.404617)
INSERT [dbo].[price] ([date], [stock_id], [price]) VALUES (CAST(N'2018-05-25' AS Date), 4, 69.457634)
INSERT [dbo].[price] ([date], [stock_id], [price]) VALUES (CAST(N'2018-05-25' AS Date), 5, 40.986526)
INSERT [dbo].[price] ([date], [stock_id], [price]) VALUES (CAST(N'2018-05-29' AS Date), 1, 96.800896)
INSERT [dbo].[price] ([date], [stock_id], [price]) VALUES (CAST(N'2018-05-29' AS Date), 2, 185.795425)
INSERT [dbo].[price] ([date], [stock_id], [price]) VALUES (CAST(N'2018-05-29' AS Date), 3, 180.598633)
INSERT [dbo].[price] ([date], [stock_id], [price]) VALUES (CAST(N'2018-05-29' AS Date), 4, 69.935577)
INSERT [dbo].[price] ([date], [stock_id], [price]) VALUES (CAST(N'2018-05-29' AS Date), 5, 41.257191)
GO
INSERT [dbo].[price] ([date], [stock_id], [price]) VALUES (CAST(N'2018-05-30' AS Date), 1, 97.729294)
INSERT [dbo].[price] ([date], [stock_id], [price]) VALUES (CAST(N'2018-05-30' AS Date), 2, 185.399887)
INSERT [dbo].[price] ([date], [stock_id], [price]) VALUES (CAST(N'2018-05-30' AS Date), 3, 183.661469)
INSERT [dbo].[price] ([date], [stock_id], [price]) VALUES (CAST(N'2018-05-30' AS Date), 4, 71.662018)
INSERT [dbo].[price] ([date], [stock_id], [price]) VALUES (CAST(N'2018-05-30' AS Date), 5, 41.692184)
INSERT [dbo].[price] ([date], [stock_id], [price]) VALUES (CAST(N'2018-05-31' AS Date), 1, 97.620651)
INSERT [dbo].[price] ([date], [stock_id], [price]) VALUES (CAST(N'2018-05-31' AS Date), 2, 184.776947)
INSERT [dbo].[price] ([date], [stock_id], [price]) VALUES (CAST(N'2018-05-31' AS Date), 3, 183.131348)
INSERT [dbo].[price] ([date], [stock_id], [price]) VALUES (CAST(N'2018-05-31' AS Date), 4, 71.096291)
INSERT [dbo].[price] ([date], [stock_id], [price]) VALUES (CAST(N'2018-05-31' AS Date), 5, 41.566525)
INSERT [dbo].[price] ([date], [stock_id], [price]) VALUES (CAST(N'2018-06-01' AS Date), 1, 99.5466)
INSERT [dbo].[price] ([date], [stock_id], [price]) VALUES (CAST(N'2018-06-01' AS Date), 2, 188.109222)
INSERT [dbo].[price] ([date], [stock_id], [price]) VALUES (CAST(N'2018-06-01' AS Date), 3, 183.916718)
INSERT [dbo].[price] ([date], [stock_id], [price]) VALUES (CAST(N'2018-06-01' AS Date), 4, 71.008507)
INSERT [dbo].[price] ([date], [stock_id], [price]) VALUES (CAST(N'2018-06-01' AS Date), 5, 41.682518)
INSERT [dbo].[price] ([date], [stock_id], [price]) VALUES (CAST(N'2018-06-04' AS Date), 1, 100.415741)
INSERT [dbo].[price] ([date], [stock_id], [price]) VALUES (CAST(N'2018-06-04' AS Date), 2, 189.681396)
INSERT [dbo].[price] ([date], [stock_id], [price]) VALUES (CAST(N'2018-06-04' AS Date), 3, 187.853226)
INSERT [dbo].[price] ([date], [stock_id], [price]) VALUES (CAST(N'2018-06-04' AS Date), 4, 74.471146)
INSERT [dbo].[price] ([date], [stock_id], [price]) VALUES (CAST(N'2018-06-04' AS Date), 5, 42.040188)
INSERT [dbo].[price] ([date], [stock_id], [price]) VALUES (CAST(N'2018-06-05' AS Date), 1, 100.929337)
INSERT [dbo].[price] ([date], [stock_id], [price]) VALUES (CAST(N'2018-06-05' AS Date), 2, 191.144821)
INSERT [dbo].[price] ([date], [stock_id], [price]) VALUES (CAST(N'2018-06-05' AS Date), 3, 188.422592)
INSERT [dbo].[price] ([date], [stock_id], [price]) VALUES (CAST(N'2018-06-05' AS Date), 4, 76.568237)
INSERT [dbo].[price] ([date], [stock_id], [price]) VALUES (CAST(N'2018-06-05' AS Date), 5, 41.672855)
INSERT [dbo].[price] ([date], [stock_id], [price]) VALUES (CAST(N'2018-06-06' AS Date), 1, 101.225624)
INSERT [dbo].[price] ([date], [stock_id], [price]) VALUES (CAST(N'2018-06-06' AS Date), 2, 191.807312)
INSERT [dbo].[price] ([date], [stock_id], [price]) VALUES (CAST(N'2018-06-06' AS Date), 3, 190.042343)
INSERT [dbo].[price] ([date], [stock_id], [price]) VALUES (CAST(N'2018-06-06' AS Date), 4, 75.983009)
INSERT [dbo].[price] ([date], [stock_id], [price]) VALUES (CAST(N'2018-06-06' AS Date), 5, 42.011185)
INSERT [dbo].[price] ([date], [stock_id], [price]) VALUES (CAST(N'2018-06-07' AS Date), 1, 99.635483)
INSERT [dbo].[price] ([date], [stock_id], [price]) VALUES (CAST(N'2018-06-07' AS Date), 2, 191.293152)
INSERT [dbo].[price] ([date], [stock_id], [price]) VALUES (CAST(N'2018-06-07' AS Date), 3, 192.575073)
INSERT [dbo].[price] ([date], [stock_id], [price]) VALUES (CAST(N'2018-06-07' AS Date), 4, 76.421936)
INSERT [dbo].[price] ([date], [stock_id], [price]) VALUES (CAST(N'2018-06-07' AS Date), 5, 41.991848)
INSERT [dbo].[price] ([date], [stock_id], [price]) VALUES (CAST(N'2018-06-08' AS Date), 1, 100.376228)
INSERT [dbo].[price] ([date], [stock_id], [price]) VALUES (CAST(N'2018-06-08' AS Date), 2, 189.552856)
INSERT [dbo].[price] ([date], [stock_id], [price]) VALUES (CAST(N'2018-06-08' AS Date), 3, 194.695496)
INSERT [dbo].[price] ([date], [stock_id], [price]) VALUES (CAST(N'2018-06-08' AS Date), 4, 76.100052)
INSERT [dbo].[price] ([date], [stock_id], [price]) VALUES (CAST(N'2018-06-08' AS Date), 5, 42.484852)
INSERT [dbo].[price] ([date], [stock_id], [price]) VALUES (CAST(N'2018-06-11' AS Date), 1, 99.803398)
INSERT [dbo].[price] ([date], [stock_id], [price]) VALUES (CAST(N'2018-06-11' AS Date), 2, 189.088135)
INSERT [dbo].[price] ([date], [stock_id], [price]) VALUES (CAST(N'2018-06-11' AS Date), 3, 195.981491)
INSERT [dbo].[price] ([date], [stock_id], [price]) VALUES (CAST(N'2018-06-11' AS Date), 4, 77.114456)
INSERT [dbo].[price] ([date], [stock_id], [price]) VALUES (CAST(N'2018-06-11' AS Date), 5, 42.658852)
INSERT [dbo].[price] ([date], [stock_id], [price]) VALUES (CAST(N'2018-06-12' AS Date), 1, 100.060181)
INSERT [dbo].[price] ([date], [stock_id], [price]) VALUES (CAST(N'2018-06-12' AS Date), 2, 190.126358)
INSERT [dbo].[price] ([date], [stock_id], [price]) VALUES (CAST(N'2018-06-12' AS Date), 3, 197.62088)
INSERT [dbo].[price] ([date], [stock_id], [price]) VALUES (CAST(N'2018-06-12' AS Date), 4, 77.124222)
INSERT [dbo].[price] ([date], [stock_id], [price]) VALUES (CAST(N'2018-06-12' AS Date), 5, 42.929516)
INSERT [dbo].[price] ([date], [stock_id], [price]) VALUES (CAST(N'2018-06-13' AS Date), 1, 99.605858)
INSERT [dbo].[price] ([date], [stock_id], [price]) VALUES (CAST(N'2018-06-13' AS Date), 2, 188.564056)
INSERT [dbo].[price] ([date], [stock_id], [price]) VALUES (CAST(N'2018-06-13' AS Date), 3, 196.639206)
INSERT [dbo].[price] ([date], [stock_id], [price]) VALUES (CAST(N'2018-06-13' AS Date), 4, 76.100052)
INSERT [dbo].[price] ([date], [stock_id], [price]) VALUES (CAST(N'2018-06-13' AS Date), 5, 42.707184)
INSERT [dbo].[price] ([date], [stock_id], [price]) VALUES (CAST(N'2018-06-14' AS Date), 1, 100.168823)
INSERT [dbo].[price] ([date], [stock_id], [price]) VALUES (CAST(N'2018-06-14' AS Date), 2, 188.662933)
INSERT [dbo].[price] ([date], [stock_id], [price]) VALUES (CAST(N'2018-06-14' AS Date), 3, 196.010925)
INSERT [dbo].[price] ([date], [stock_id], [price]) VALUES (CAST(N'2018-06-14' AS Date), 4, 75.31974)
INSERT [dbo].[price] ([date], [stock_id], [price]) VALUES (CAST(N'2018-06-14' AS Date), 5, 42.502377)
INSERT [dbo].[price] ([date], [stock_id], [price]) VALUES (CAST(N'2018-06-15' AS Date), 1, 98.894745)
INSERT [dbo].[price] ([date], [stock_id], [price]) VALUES (CAST(N'2018-06-15' AS Date), 2, 186.724884)
INSERT [dbo].[price] ([date], [stock_id], [price]) VALUES (CAST(N'2018-06-15' AS Date), 3, 196.86499)
INSERT [dbo].[price] ([date], [stock_id], [price]) VALUES (CAST(N'2018-06-15' AS Date), 4, 75.348999)
INSERT [dbo].[price] ([date], [stock_id], [price]) VALUES (CAST(N'2018-06-15' AS Date), 5, 43.029022)
INSERT [dbo].[price] ([date], [stock_id], [price]) VALUES (CAST(N'2018-06-18' AS Date), 1, 99.615738)
INSERT [dbo].[price] ([date], [stock_id], [price]) VALUES (CAST(N'2018-06-18' AS Date), 2, 186.626022)
INSERT [dbo].[price] ([date], [stock_id], [price]) VALUES (CAST(N'2018-06-18' AS Date), 3, 197.012238)
INSERT [dbo].[price] ([date], [stock_id], [price]) VALUES (CAST(N'2018-06-18' AS Date), 4, 75.222206)
INSERT [dbo].[price] ([date], [stock_id], [price]) VALUES (CAST(N'2018-06-18' AS Date), 5, 42.473118)
INSERT [dbo].[price] ([date], [stock_id], [price]) VALUES (CAST(N'2018-06-19' AS Date), 1, 99.615738)
INSERT [dbo].[price] ([date], [stock_id], [price]) VALUES (CAST(N'2018-06-19' AS Date), 2, 183.610168)
INSERT [dbo].[price] ([date], [stock_id], [price]) VALUES (CAST(N'2018-06-19' AS Date), 3, 195.559357)
INSERT [dbo].[price] ([date], [stock_id], [price]) VALUES (CAST(N'2018-06-19' AS Date), 4, 74.68573)
INSERT [dbo].[price] ([date], [stock_id], [price]) VALUES (CAST(N'2018-06-19' AS Date), 5, 42.521877)
INSERT [dbo].[price] ([date], [stock_id], [price]) VALUES (CAST(N'2018-06-20' AS Date), 1, 100.613281)
INSERT [dbo].[price] ([date], [stock_id], [price]) VALUES (CAST(N'2018-06-20' AS Date), 2, 184.411102)
INSERT [dbo].[price] ([date], [stock_id], [price]) VALUES (CAST(N'2018-06-20' AS Date), 3, 195.431747)
INSERT [dbo].[price] ([date], [stock_id], [price]) VALUES (CAST(N'2018-06-20' AS Date), 4, 73.534775)
INSERT [dbo].[price] ([date], [stock_id], [price]) VALUES (CAST(N'2018-06-20' AS Date), 5, 42.190285)
INSERT [dbo].[price] ([date], [stock_id], [price]) VALUES (CAST(N'2018-06-21' AS Date), 1, 99.892273)
INSERT [dbo].[price] ([date], [stock_id], [price]) VALUES (CAST(N'2018-06-21' AS Date), 2, 183.382751)
INSERT [dbo].[price] ([date], [stock_id], [price]) VALUES (CAST(N'2018-06-21' AS Date), 3, 196.639206)
INSERT [dbo].[price] ([date], [stock_id], [price]) VALUES (CAST(N'2018-06-21' AS Date), 4, 74.266312)
INSERT [dbo].[price] ([date], [stock_id], [price]) VALUES (CAST(N'2018-06-21' AS Date), 5, 42.024494)
INSERT [dbo].[price] ([date], [stock_id], [price]) VALUES (CAST(N'2018-06-22' AS Date), 1, 99.171288)
INSERT [dbo].[price] ([date], [stock_id], [price]) VALUES (CAST(N'2018-06-22' AS Date), 2, 182.848785)
INSERT [dbo].[price] ([date], [stock_id], [price]) VALUES (CAST(N'2018-06-22' AS Date), 3, 193.792358)
INSERT [dbo].[price] ([date], [stock_id], [price]) VALUES (CAST(N'2018-06-22' AS Date), 4, 74.16877)
INSERT [dbo].[price] ([date], [stock_id], [price]) VALUES (CAST(N'2018-06-22' AS Date), 5, 42.180534)
INSERT [dbo].[price] ([date], [stock_id], [price]) VALUES (CAST(N'2018-06-25' AS Date), 1, 97.176208)
INSERT [dbo].[price] ([date], [stock_id], [price]) VALUES (CAST(N'2018-06-25' AS Date), 2, 180.129608)
INSERT [dbo].[price] ([date], [stock_id], [price]) VALUES (CAST(N'2018-06-25' AS Date), 3, 192.781235)
INSERT [dbo].[price] ([date], [stock_id], [price]) VALUES (CAST(N'2018-06-25' AS Date), 4, 74.949089)
INSERT [dbo].[price] ([date], [stock_id], [price]) VALUES (CAST(N'2018-06-25' AS Date), 5, 42.502377)
INSERT [dbo].[price] ([date], [stock_id], [price]) VALUES (CAST(N'2018-06-26' AS Date), 1, 97.857689)
INSERT [dbo].[price] ([date], [stock_id], [price]) VALUES (CAST(N'2018-06-26' AS Date), 2, 182.364288)
INSERT [dbo].[price] ([date], [stock_id], [price]) VALUES (CAST(N'2018-06-26' AS Date), 3, 192.761597)
INSERT [dbo].[price] ([date], [stock_id], [price]) VALUES (CAST(N'2018-06-26' AS Date), 4, 74.451645)
INSERT [dbo].[price] ([date], [stock_id], [price]) VALUES (CAST(N'2018-06-26' AS Date), 5, 42.25856)
GO
INSERT [dbo].[price] ([date], [stock_id], [price]) VALUES (CAST(N'2018-06-27' AS Date), 1, 96.336693)
INSERT [dbo].[price] ([date], [stock_id], [price]) VALUES (CAST(N'2018-06-27' AS Date), 2, 182.097321)
INSERT [dbo].[price] ([date], [stock_id], [price]) VALUES (CAST(N'2018-06-27' AS Date), 3, 191.446152)
INSERT [dbo].[price] ([date], [stock_id], [price]) VALUES (CAST(N'2018-06-27' AS Date), 4, 74.978355)
INSERT [dbo].[price] ([date], [stock_id], [price]) VALUES (CAST(N'2018-06-27' AS Date), 5, 42.004986)
INSERT [dbo].[price] ([date], [stock_id], [price]) VALUES (CAST(N'2018-06-28' AS Date), 1, 97.413246)
INSERT [dbo].[price] ([date], [stock_id], [price]) VALUES (CAST(N'2018-06-28' AS Date), 2, 183.422302)
INSERT [dbo].[price] ([date], [stock_id], [price]) VALUES (CAST(N'2018-06-28' AS Date), 3, 191.632675)
INSERT [dbo].[price] ([date], [stock_id], [price]) VALUES (CAST(N'2018-06-28' AS Date), 4, 73.739601)
INSERT [dbo].[price] ([date], [stock_id], [price]) VALUES (CAST(N'2018-06-28' AS Date), 5, 42.395096)
INSERT [dbo].[price] ([date], [stock_id], [price]) VALUES (CAST(N'2018-06-29' AS Date), 1, 97.393494)
INSERT [dbo].[price] ([date], [stock_id], [price]) VALUES (CAST(N'2018-06-29' AS Date), 2, 183.036682)
INSERT [dbo].[price] ([date], [stock_id], [price]) VALUES (CAST(N'2018-06-29' AS Date), 3, 191.524689)
INSERT [dbo].[price] ([date], [stock_id], [price]) VALUES (CAST(N'2018-06-29' AS Date), 4, 74.246811)
INSERT [dbo].[price] ([date], [stock_id], [price]) VALUES (CAST(N'2018-06-29' AS Date), 5, 42.775452)
INSERT [dbo].[price] ([date], [stock_id], [price]) VALUES (CAST(N'2018-07-02' AS Date), 1, 98.776222)
INSERT [dbo].[price] ([date], [stock_id], [price]) VALUES (CAST(N'2018-07-02' AS Date), 2, 185.083466)
INSERT [dbo].[price] ([date], [stock_id], [price]) VALUES (CAST(N'2018-07-02' AS Date), 3, 190.464478)
INSERT [dbo].[price] ([date], [stock_id], [price]) VALUES (CAST(N'2018-07-02' AS Date), 4, 73.905411)
INSERT [dbo].[price] ([date], [stock_id], [price]) VALUES (CAST(N'2018-07-02' AS Date), 5, 42.668171)
INSERT [dbo].[price] ([date], [stock_id], [price]) VALUES (CAST(N'2018-07-03' AS Date), 1, 97.828064)
INSERT [dbo].[price] ([date], [stock_id], [price]) VALUES (CAST(N'2018-07-03' AS Date), 2, 181.859985)
INSERT [dbo].[price] ([date], [stock_id], [price]) VALUES (CAST(N'2018-07-03' AS Date), 3, 190.071808)
INSERT [dbo].[price] ([date], [stock_id], [price]) VALUES (CAST(N'2018-07-03' AS Date), 4, 74.744255)
INSERT [dbo].[price] ([date], [stock_id], [price]) VALUES (CAST(N'2018-07-03' AS Date), 5, 42.902241)
INSERT [dbo].[price] ([date], [stock_id], [price]) VALUES (CAST(N'2018-07-05' AS Date), 1, 98.529305)
INSERT [dbo].[price] ([date], [stock_id], [price]) VALUES (CAST(N'2018-07-05' AS Date), 2, 183.32341)
INSERT [dbo].[price] ([date], [stock_id], [price]) VALUES (CAST(N'2018-07-05' AS Date), 3, 190.847321)
INSERT [dbo].[price] ([date], [stock_id], [price]) VALUES (CAST(N'2018-07-05' AS Date), 4, 74.666237)
INSERT [dbo].[price] ([date], [stock_id], [price]) VALUES (CAST(N'2018-07-05' AS Date), 5, 43.555672)
INSERT [dbo].[price] ([date], [stock_id], [price]) VALUES (CAST(N'2018-07-06' AS Date), 1, 99.912033)
INSERT [dbo].[price] ([date], [stock_id], [price]) VALUES (CAST(N'2018-07-06' AS Date), 2, 185.864655)
INSERT [dbo].[price] ([date], [stock_id], [price]) VALUES (CAST(N'2018-07-06' AS Date), 3, 190.916031)
INSERT [dbo].[price] ([date], [stock_id], [price]) VALUES (CAST(N'2018-07-06' AS Date), 4, 74.900322)
INSERT [dbo].[price] ([date], [stock_id], [price]) VALUES (CAST(N'2018-07-06' AS Date), 5, 43.536163)
INSERT [dbo].[price] ([date], [stock_id], [price]) VALUES (CAST(N'2018-07-09' AS Date), 1, 100.593529)
INSERT [dbo].[price] ([date], [stock_id], [price]) VALUES (CAST(N'2018-07-09' AS Date), 2, 188.445404)
INSERT [dbo].[price] ([date], [stock_id], [price]) VALUES (CAST(N'2018-07-09' AS Date), 3, 192.486725)
INSERT [dbo].[price] ([date], [stock_id], [price]) VALUES (CAST(N'2018-07-09' AS Date), 4, 75.846451)
INSERT [dbo].[price] ([date], [stock_id], [price]) VALUES (CAST(N'2018-07-09' AS Date), 5, 43.302097)
INSERT [dbo].[price] ([date], [stock_id], [price]) VALUES (CAST(N'2018-07-10' AS Date), 1, 100.860191)
INSERT [dbo].[price] ([date], [stock_id], [price]) VALUES (CAST(N'2018-07-10' AS Date), 2, 188.217972)
INSERT [dbo].[price] ([date], [stock_id], [price]) VALUES (CAST(N'2018-07-10' AS Date), 3, 193.988678)
INSERT [dbo].[price] ([date], [stock_id], [price]) VALUES (CAST(N'2018-07-10' AS Date), 4, 76.373161)
INSERT [dbo].[price] ([date], [stock_id], [price]) VALUES (CAST(N'2018-07-10' AS Date), 5, 43.858006)
INSERT [dbo].[price] ([date], [stock_id], [price]) VALUES (CAST(N'2018-07-11' AS Date), 1, 100.721924)
INSERT [dbo].[price] ([date], [stock_id], [price]) VALUES (CAST(N'2018-07-11' AS Date), 2, 185.77565)
INSERT [dbo].[price] ([date], [stock_id], [price]) VALUES (CAST(N'2018-07-11' AS Date), 3, 193.34079)
INSERT [dbo].[price] ([date], [stock_id], [price]) VALUES (CAST(N'2018-07-11' AS Date), 4, 75.670883)
INSERT [dbo].[price] ([date], [stock_id], [price]) VALUES (CAST(N'2018-07-11' AS Date), 5, 43.682453)
INSERT [dbo].[price] ([date], [stock_id], [price]) VALUES (CAST(N'2018-07-12' AS Date), 1, 102.904655)
INSERT [dbo].[price] ([date], [stock_id], [price]) VALUES (CAST(N'2018-07-12' AS Date), 2, 188.890366)
INSERT [dbo].[price] ([date], [stock_id], [price]) VALUES (CAST(N'2018-07-12' AS Date), 3, 194.322449)
INSERT [dbo].[price] ([date], [stock_id], [price]) VALUES (CAST(N'2018-07-12' AS Date), 4, 74.617455)
INSERT [dbo].[price] ([date], [stock_id], [price]) VALUES (CAST(N'2018-07-12' AS Date), 5, 43.565418)
INSERT [dbo].[price] ([date], [stock_id], [price]) VALUES (CAST(N'2018-07-13' AS Date), 1, 104.129356)
INSERT [dbo].[price] ([date], [stock_id], [price]) VALUES (CAST(N'2018-07-13' AS Date), 2, 189.187012)
INSERT [dbo].[price] ([date], [stock_id], [price]) VALUES (CAST(N'2018-07-13' AS Date), 3, 195.048904)
INSERT [dbo].[price] ([date], [stock_id], [price]) VALUES (CAST(N'2018-07-13' AS Date), 4, 75.807442)
INSERT [dbo].[price] ([date], [stock_id], [price]) VALUES (CAST(N'2018-07-13' AS Date), 5, 43.633694)
INSERT [dbo].[price] ([date], [stock_id], [price]) VALUES (CAST(N'2018-07-16' AS Date), 1, 103.615776)
INSERT [dbo].[price] ([date], [stock_id], [price]) VALUES (CAST(N'2018-07-16' AS Date), 2, 188.771713)
INSERT [dbo].[price] ([date], [stock_id], [price]) VALUES (CAST(N'2018-07-16' AS Date), 3, 195.235413)
INSERT [dbo].[price] ([date], [stock_id], [price]) VALUES (CAST(N'2018-07-16' AS Date), 4, 75.30999)
INSERT [dbo].[price] ([date], [stock_id], [price]) VALUES (CAST(N'2018-07-16' AS Date), 5, 43.62394)
INSERT [dbo].[price] ([date], [stock_id], [price]) VALUES (CAST(N'2018-07-17' AS Date), 1, 104.642937)
INSERT [dbo].[price] ([date], [stock_id], [price]) VALUES (CAST(N'2018-07-17' AS Date), 2, 189.305664)
INSERT [dbo].[price] ([date], [stock_id], [price]) VALUES (CAST(N'2018-07-17' AS Date), 3, 197.414719)
INSERT [dbo].[price] ([date], [stock_id], [price]) VALUES (CAST(N'2018-07-17' AS Date), 4, 75.368507)
INSERT [dbo].[price] ([date], [stock_id], [price]) VALUES (CAST(N'2018-07-17' AS Date), 5, 44.131081)
INSERT [dbo].[price] ([date], [stock_id], [price]) VALUES (CAST(N'2018-07-18' AS Date), 1, 103.823181)
INSERT [dbo].[price] ([date], [stock_id], [price]) VALUES (CAST(N'2018-07-18' AS Date), 2, 188.26741)
INSERT [dbo].[price] ([date], [stock_id], [price]) VALUES (CAST(N'2018-07-18' AS Date), 3, 197.287109)
INSERT [dbo].[price] ([date], [stock_id], [price]) VALUES (CAST(N'2018-07-18' AS Date), 4, 74.958847)
INSERT [dbo].[price] ([date], [stock_id], [price]) VALUES (CAST(N'2018-07-18' AS Date), 5, 44.004295)
INSERT [dbo].[price] ([date], [stock_id], [price]) VALUES (CAST(N'2018-07-19' AS Date), 1, 103.112061)
INSERT [dbo].[price] ([date], [stock_id], [price]) VALUES (CAST(N'2018-07-19' AS Date), 2, 189.73085)
INSERT [dbo].[price] ([date], [stock_id], [price]) VALUES (CAST(N'2018-07-19' AS Date), 3, 198.916687)
INSERT [dbo].[price] ([date], [stock_id], [price]) VALUES (CAST(N'2018-07-19' AS Date), 4, 76.529221)
INSERT [dbo].[price] ([date], [stock_id], [price]) VALUES (CAST(N'2018-07-19' AS Date), 5, 43.994541)
INSERT [dbo].[price] ([date], [stock_id], [price]) VALUES (CAST(N'2018-07-20' AS Date), 1, 104.958992)
INSERT [dbo].[price] ([date], [stock_id], [price]) VALUES (CAST(N'2018-07-20' AS Date), 2, 189.295776)
INSERT [dbo].[price] ([date], [stock_id], [price]) VALUES (CAST(N'2018-07-20' AS Date), 3, 198.73999)
INSERT [dbo].[price] ([date], [stock_id], [price]) VALUES (CAST(N'2018-07-20' AS Date), 4, 75.846451)
INSERT [dbo].[price] ([date], [stock_id], [price]) VALUES (CAST(N'2018-07-20' AS Date), 5, 44.160339)
INSERT [dbo].[price] ([date], [stock_id], [price]) VALUES (CAST(N'2018-07-23' AS Date), 1, 106.638016)
INSERT [dbo].[price] ([date], [stock_id], [price]) VALUES (CAST(N'2018-07-23' AS Date), 2, 189.463867)
INSERT [dbo].[price] ([date], [stock_id], [price]) VALUES (CAST(N'2018-07-23' AS Date), 3, 198.524002)
INSERT [dbo].[price] ([date], [stock_id], [price]) VALUES (CAST(N'2018-07-23' AS Date), 4, 76.753563)
INSERT [dbo].[price] ([date], [stock_id], [price]) VALUES (CAST(N'2018-07-23' AS Date), 5, 43.838497)
INSERT [dbo].[price] ([date], [stock_id], [price]) VALUES (CAST(N'2018-07-24' AS Date), 1, 106.331848)
INSERT [dbo].[price] ([date], [stock_id], [price]) VALUES (CAST(N'2018-07-24' AS Date), 2, 190.838303)
INSERT [dbo].[price] ([date], [stock_id], [price]) VALUES (CAST(N'2018-07-24' AS Date), 3, 198.288422)
INSERT [dbo].[price] ([date], [stock_id], [price]) VALUES (CAST(N'2018-07-24' AS Date), 4, 77.407074)
INSERT [dbo].[price] ([date], [stock_id], [price]) VALUES (CAST(N'2018-07-24' AS Date), 5, 44.140831)
INSERT [dbo].[price] ([date], [stock_id], [price]) VALUES (CAST(N'2018-07-25' AS Date), 1, 109.462738)
INSERT [dbo].[price] ([date], [stock_id], [price]) VALUES (CAST(N'2018-07-25' AS Date), 2, 192.637924)
INSERT [dbo].[price] ([date], [stock_id], [price]) VALUES (CAST(N'2018-07-25' AS Date), 3, 197.316559)
INSERT [dbo].[price] ([date], [stock_id], [price]) VALUES (CAST(N'2018-07-25' AS Date), 4, 78.021568)
INSERT [dbo].[price] ([date], [stock_id], [price]) VALUES (CAST(N'2018-07-25' AS Date), 5, 44.95031)
GO
INSERT [dbo].[price] ([date], [stock_id], [price]) VALUES (CAST(N'2018-07-26' AS Date), 1, 108.26767)
INSERT [dbo].[price] ([date], [stock_id], [price]) VALUES (CAST(N'2018-07-26' AS Date), 2, 192.03476)
INSERT [dbo].[price] ([date], [stock_id], [price]) VALUES (CAST(N'2018-07-26' AS Date), 3, 195.74588)
INSERT [dbo].[price] ([date], [stock_id], [price]) VALUES (CAST(N'2018-07-26' AS Date), 4, 77.894768)
INSERT [dbo].[price] ([date], [stock_id], [price]) VALUES (CAST(N'2018-07-26' AS Date), 5, 45.0966)
INSERT [dbo].[price] ([date], [stock_id], [price]) VALUES (CAST(N'2018-07-27' AS Date), 1, 106.351593)
INSERT [dbo].[price] ([date], [stock_id], [price]) VALUES (CAST(N'2018-07-27' AS Date), 2, 188.840912)
INSERT [dbo].[price] ([date], [stock_id], [price]) VALUES (CAST(N'2018-07-27' AS Date), 3, 193.527298)
INSERT [dbo].[price] ([date], [stock_id], [price]) VALUES (CAST(N'2018-07-27' AS Date), 4, 78.158119)
INSERT [dbo].[price] ([date], [stock_id], [price]) VALUES (CAST(N'2018-07-27' AS Date), 5, 45.067341)
INSERT [dbo].[price] ([date], [stock_id], [price]) VALUES (CAST(N'2018-07-30' AS Date), 1, 104.070107)
INSERT [dbo].[price] ([date], [stock_id], [price]) VALUES (CAST(N'2018-07-30' AS Date), 2, 187.782913)
INSERT [dbo].[price] ([date], [stock_id], [price]) VALUES (CAST(N'2018-07-30' AS Date), 3, 193.664734)
INSERT [dbo].[price] ([date], [stock_id], [price]) VALUES (CAST(N'2018-07-30' AS Date), 4, 79.211555)
INSERT [dbo].[price] ([date], [stock_id], [price]) VALUES (CAST(N'2018-07-30' AS Date), 5, 45.086849)
INSERT [dbo].[price] ([date], [stock_id], [price]) VALUES (CAST(N'2018-07-31' AS Date), 1, 104.771339)
INSERT [dbo].[price] ([date], [stock_id], [price]) VALUES (CAST(N'2018-07-31' AS Date), 2, 188.158646)
INSERT [dbo].[price] ([date], [stock_id], [price]) VALUES (CAST(N'2018-07-31' AS Date), 3, 193.900345)
INSERT [dbo].[price] ([date], [stock_id], [price]) VALUES (CAST(N'2018-07-31' AS Date), 4, 78.694595)
INSERT [dbo].[price] ([date], [stock_id], [price]) VALUES (CAST(N'2018-07-31' AS Date), 5, 45.476959)
INSERT [dbo].[price] ([date], [stock_id], [price]) VALUES (CAST(N'2018-08-01' AS Date), 1, 104.968872)
INSERT [dbo].[price] ([date], [stock_id], [price]) VALUES (CAST(N'2018-08-01' AS Date), 2, 199.243088)
INSERT [dbo].[price] ([date], [stock_id], [price]) VALUES (CAST(N'2018-08-01' AS Date), 3, 192.702698)
INSERT [dbo].[price] ([date], [stock_id], [price]) VALUES (CAST(N'2018-08-01' AS Date), 4, 77.007164)
INSERT [dbo].[price] ([date], [stock_id], [price]) VALUES (CAST(N'2018-08-01' AS Date), 5, 45.242889)
INSERT [dbo].[price] ([date], [stock_id], [price]) VALUES (CAST(N'2018-08-02' AS Date), 1, 106.24295)
INSERT [dbo].[price] ([date], [stock_id], [price]) VALUES (CAST(N'2018-08-02' AS Date), 2, 205.067123)
INSERT [dbo].[price] ([date], [stock_id], [price]) VALUES (CAST(N'2018-08-02' AS Date), 3, 192.074432)
INSERT [dbo].[price] ([date], [stock_id], [price]) VALUES (CAST(N'2018-08-02' AS Date), 4, 78.772621)
INSERT [dbo].[price] ([date], [stock_id], [price]) VALUES (CAST(N'2018-08-02' AS Date), 5, 45.038086)
INSERT [dbo].[price] ([date], [stock_id], [price]) VALUES (CAST(N'2018-08-03' AS Date), 1, 106.707153)
INSERT [dbo].[price] ([date], [stock_id], [price]) VALUES (CAST(N'2018-08-03' AS Date), 2, 205.660416)
INSERT [dbo].[price] ([date], [stock_id], [price]) VALUES (CAST(N'2018-08-03' AS Date), 3, 192.054779)
INSERT [dbo].[price] ([date], [stock_id], [price]) VALUES (CAST(N'2018-08-03' AS Date), 4, 79.445648)
INSERT [dbo].[price] ([date], [stock_id], [price]) VALUES (CAST(N'2018-08-03' AS Date), 5, 45.467205)
INSERT [dbo].[price] ([date], [stock_id], [price]) VALUES (CAST(N'2018-08-06' AS Date), 1, 106.796051)
INSERT [dbo].[price] ([date], [stock_id], [price]) VALUES (CAST(N'2018-08-06' AS Date), 2, 206.728317)
INSERT [dbo].[price] ([date], [stock_id], [price]) VALUES (CAST(N'2018-08-06' AS Date), 3, 192.103867)
INSERT [dbo].[price] ([date], [stock_id], [price]) VALUES (CAST(N'2018-08-06' AS Date), 4, 79.601707)
INSERT [dbo].[price] ([date], [stock_id], [price]) VALUES (CAST(N'2018-08-06' AS Date), 5, 45.496464)
INSERT [dbo].[price] ([date], [stock_id], [price]) VALUES (CAST(N'2018-08-07' AS Date), 1, 107.536789)
INSERT [dbo].[price] ([date], [stock_id], [price]) VALUES (CAST(N'2018-08-07' AS Date), 2, 204.790268)
INSERT [dbo].[price] ([date], [stock_id], [price]) VALUES (CAST(N'2018-08-07' AS Date), 3, 193.43895)
INSERT [dbo].[price] ([date], [stock_id], [price]) VALUES (CAST(N'2018-08-07' AS Date), 4, 80.216202)
INSERT [dbo].[price] ([date], [stock_id], [price]) VALUES (CAST(N'2018-08-07' AS Date), 5, 45.35017)
INSERT [dbo].[price] ([date], [stock_id], [price]) VALUES (CAST(N'2018-08-08' AS Date), 1, 108.139275)
INSERT [dbo].[price] ([date], [stock_id], [price]) VALUES (CAST(N'2018-08-08' AS Date), 2, 204.928696)
INSERT [dbo].[price] ([date], [stock_id], [price]) VALUES (CAST(N'2018-08-08' AS Date), 3, 194.391174)
INSERT [dbo].[price] ([date], [stock_id], [price]) VALUES (CAST(N'2018-08-08' AS Date), 4, 80.362511)
INSERT [dbo].[price] ([date], [stock_id], [price]) VALUES (CAST(N'2018-08-08' AS Date), 5, 45.008827)
INSERT [dbo].[price] ([date], [stock_id], [price]) VALUES (CAST(N'2018-08-09' AS Date), 1, 108.317047)
INSERT [dbo].[price] ([date], [stock_id], [price]) VALUES (CAST(N'2018-08-09' AS Date), 2, 206.540436)
INSERT [dbo].[price] ([date], [stock_id], [price]) VALUES (CAST(N'2018-08-09' AS Date), 3, 194.450058)
INSERT [dbo].[price] ([date], [stock_id], [price]) VALUES (CAST(N'2018-08-09' AS Date), 4, 80.586861)
INSERT [dbo].[price] ([date], [stock_id], [price]) VALUES (CAST(N'2018-08-09' AS Date), 5, 45.20388)
INSERT [dbo].[price] ([date], [stock_id], [price]) VALUES (CAST(N'2018-08-10' AS Date), 1, 107.655319)
INSERT [dbo].[price] ([date], [stock_id], [price]) VALUES (CAST(N'2018-08-10' AS Date), 2, 205.925232)
INSERT [dbo].[price] ([date], [stock_id], [price]) VALUES (CAST(N'2018-08-10' AS Date), 3, 192.702698)
INSERT [dbo].[price] ([date], [stock_id], [price]) VALUES (CAST(N'2018-08-10' AS Date), 4, 80.674644)
INSERT [dbo].[price] ([date], [stock_id], [price]) VALUES (CAST(N'2018-08-10' AS Date), 5, 44.940556)
INSERT [dbo].[price] ([date], [stock_id], [price]) VALUES (CAST(N'2018-08-13' AS Date), 1, 106.875061)
INSERT [dbo].[price] ([date], [stock_id], [price]) VALUES (CAST(N'2018-08-13' AS Date), 2, 207.254883)
INSERT [dbo].[price] ([date], [stock_id], [price]) VALUES (CAST(N'2018-08-13' AS Date), 3, 190.58226)
INSERT [dbo].[price] ([date], [stock_id], [price]) VALUES (CAST(N'2018-08-13' AS Date), 4, 80.040627)
INSERT [dbo].[price] ([date], [stock_id], [price]) VALUES (CAST(N'2018-08-13' AS Date), 5, 44.696739)
INSERT [dbo].[price] ([date], [stock_id], [price]) VALUES (CAST(N'2018-08-14' AS Date), 1, 108.208405)
INSERT [dbo].[price] ([date], [stock_id], [price]) VALUES (CAST(N'2018-08-14' AS Date), 2, 208.128067)
INSERT [dbo].[price] ([date], [stock_id], [price]) VALUES (CAST(N'2018-08-14' AS Date), 3, 189.56134)
INSERT [dbo].[price] ([date], [stock_id], [price]) VALUES (CAST(N'2018-08-14' AS Date), 4, 81.279289)
INSERT [dbo].[price] ([date], [stock_id], [price]) VALUES (CAST(N'2018-08-14' AS Date), 5, 44.755253)
INSERT [dbo].[price] ([date], [stock_id], [price]) VALUES (CAST(N'2018-08-15' AS Date), 1, 106.741043)
INSERT [dbo].[price] ([date], [stock_id], [price]) VALUES (CAST(N'2018-08-15' AS Date), 2, 208.614273)
INSERT [dbo].[price] ([date], [stock_id], [price]) VALUES (CAST(N'2018-08-15' AS Date), 3, 190.435043)
INSERT [dbo].[price] ([date], [stock_id], [price]) VALUES (CAST(N'2018-08-15' AS Date), 4, 79.323006)
INSERT [dbo].[price] ([date], [stock_id], [price]) VALUES (CAST(N'2018-08-15' AS Date), 5, 44.940556)
INSERT [dbo].[price] ([date], [stock_id], [price]) VALUES (CAST(N'2018-08-16' AS Date), 1, 106.721214)
INSERT [dbo].[price] ([date], [stock_id], [price]) VALUES (CAST(N'2018-08-16' AS Date), 2, 211.670471)
INSERT [dbo].[price] ([date], [stock_id], [price]) VALUES (CAST(N'2018-08-16' AS Date), 3, 191.809357)
INSERT [dbo].[price] ([date], [stock_id], [price]) VALUES (CAST(N'2018-08-16' AS Date), 4, 80.679619)
INSERT [dbo].[price] ([date], [stock_id], [price]) VALUES (CAST(N'2018-08-16' AS Date), 5, 45.077095)
INSERT [dbo].[price] ([date], [stock_id], [price]) VALUES (CAST(N'2018-08-17' AS Date), 1, 106.661728)
INSERT [dbo].[price] ([date], [stock_id], [price]) VALUES (CAST(N'2018-08-17' AS Date), 2, 215.897522)
INSERT [dbo].[price] ([date], [stock_id], [price]) VALUES (CAST(N'2018-08-17' AS Date), 3, 191.976242)
INSERT [dbo].[price] ([date], [stock_id], [price]) VALUES (CAST(N'2018-08-17' AS Date), 4, 81.633186)
INSERT [dbo].[price] ([date], [stock_id], [price]) VALUES (CAST(N'2018-08-17' AS Date), 5, 45.447697)
INSERT [dbo].[price] ([date], [stock_id], [price]) VALUES (CAST(N'2018-08-20' AS Date), 1, 105.957787)
INSERT [dbo].[price] ([date], [stock_id], [price]) VALUES (CAST(N'2018-08-20' AS Date), 2, 213.79393)
INSERT [dbo].[price] ([date], [stock_id], [price]) VALUES (CAST(N'2018-08-20' AS Date), 3, 194.302795)
INSERT [dbo].[price] ([date], [stock_id], [price]) VALUES (CAST(N'2018-08-20' AS Date), 4, 81.90844)
INSERT [dbo].[price] ([date], [stock_id], [price]) VALUES (CAST(N'2018-08-20' AS Date), 5, 45.574482)
INSERT [dbo].[price] ([date], [stock_id], [price]) VALUES (CAST(N'2018-08-21' AS Date), 1, 105.075386)
INSERT [dbo].[price] ([date], [stock_id], [price]) VALUES (CAST(N'2018-08-21' AS Date), 2, 213.377167)
INSERT [dbo].[price] ([date], [stock_id], [price]) VALUES (CAST(N'2018-08-21' AS Date), 3, 196.560669)
INSERT [dbo].[price] ([date], [stock_id], [price]) VALUES (CAST(N'2018-08-21' AS Date), 4, 81.859283)
INSERT [dbo].[price] ([date], [stock_id], [price]) VALUES (CAST(N'2018-08-21' AS Date), 5, 45.077095)
INSERT [dbo].[price] ([date], [stock_id], [price]) VALUES (CAST(N'2018-08-22' AS Date), 1, 106.146156)
INSERT [dbo].[price] ([date], [stock_id], [price]) VALUES (CAST(N'2018-08-22' AS Date), 2, 213.387085)
INSERT [dbo].[price] ([date], [stock_id], [price]) VALUES (CAST(N'2018-08-22' AS Date), 3, 195.323761)
INSERT [dbo].[price] ([date], [stock_id], [price]) VALUES (CAST(N'2018-08-22' AS Date), 4, 84.484062)
INSERT [dbo].[price] ([date], [stock_id], [price]) VALUES (CAST(N'2018-08-22' AS Date), 5, 44.794266)
GO
INSERT [dbo].[price] ([date], [stock_id], [price]) VALUES (CAST(N'2018-08-23' AS Date), 1, 106.641891)
INSERT [dbo].[price] ([date], [stock_id], [price]) VALUES (CAST(N'2018-08-23' AS Date), 2, 213.823685)
INSERT [dbo].[price] ([date], [stock_id], [price]) VALUES (CAST(N'2018-08-23' AS Date), 3, 196.491959)
INSERT [dbo].[price] ([date], [stock_id], [price]) VALUES (CAST(N'2018-08-23' AS Date), 4, 85.241013)
INSERT [dbo].[price] ([date], [stock_id], [price]) VALUES (CAST(N'2018-08-23' AS Date), 5, 44.569954)
INSERT [dbo].[price] ([date], [stock_id], [price]) VALUES (CAST(N'2018-08-24' AS Date), 1, 107.474731)
INSERT [dbo].[price] ([date], [stock_id], [price]) VALUES (CAST(N'2018-08-24' AS Date), 2, 214.488495)
INSERT [dbo].[price] ([date], [stock_id], [price]) VALUES (CAST(N'2018-08-24' AS Date), 3, 197.611069)
INSERT [dbo].[price] ([date], [stock_id], [price]) VALUES (CAST(N'2018-08-24' AS Date), 4, 85.830849)
INSERT [dbo].[price] ([date], [stock_id], [price]) VALUES (CAST(N'2018-08-24' AS Date), 5, 44.501686)
INSERT [dbo].[price] ([date], [stock_id], [price]) VALUES (CAST(N'2018-08-27' AS Date), 1, 108.664482)
INSERT [dbo].[price] ([date], [stock_id], [price]) VALUES (CAST(N'2018-08-27' AS Date), 2, 216.254745)
INSERT [dbo].[price] ([date], [stock_id], [price]) VALUES (CAST(N'2018-08-27' AS Date), 3, 198.278595)
INSERT [dbo].[price] ([date], [stock_id], [price]) VALUES (CAST(N'2018-08-27' AS Date), 4, 85.132874)
INSERT [dbo].[price] ([date], [stock_id], [price]) VALUES (CAST(N'2018-08-27' AS Date), 5, 44.5602)
INSERT [dbo].[price] ([date], [stock_id], [price]) VALUES (CAST(N'2018-08-28' AS Date), 1, 109.318848)
INSERT [dbo].[price] ([date], [stock_id], [price]) VALUES (CAST(N'2018-08-28' AS Date), 2, 218.001129)
INSERT [dbo].[price] ([date], [stock_id], [price]) VALUES (CAST(N'2018-08-28' AS Date), 3, 198.268784)
INSERT [dbo].[price] ([date], [stock_id], [price]) VALUES (CAST(N'2018-08-28' AS Date), 4, 85.231186)
INSERT [dbo].[price] ([date], [stock_id], [price]) VALUES (CAST(N'2018-08-28' AS Date), 5, 44.248116)
INSERT [dbo].[price] ([date], [stock_id], [price]) VALUES (CAST(N'2018-08-29' AS Date), 1, 111.063828)
INSERT [dbo].[price] ([date], [stock_id], [price]) VALUES (CAST(N'2018-08-29' AS Date), 2, 221.255753)
INSERT [dbo].[price] ([date], [stock_id], [price]) VALUES (CAST(N'2018-08-29' AS Date), 3, 198.998947)
INSERT [dbo].[price] ([date], [stock_id], [price]) VALUES (CAST(N'2018-08-29' AS Date), 4, 86.145424)
INSERT [dbo].[price] ([date], [stock_id], [price]) VALUES (CAST(N'2018-08-29' AS Date), 5, 44.209103)
INSERT [dbo].[price] ([date], [stock_id], [price]) VALUES (CAST(N'2018-08-30' AS Date), 1, 110.994423)
INSERT [dbo].[price] ([date], [stock_id], [price]) VALUES (CAST(N'2018-08-30' AS Date), 2, 223.289917)
INSERT [dbo].[price] ([date], [stock_id], [price]) VALUES (CAST(N'2018-08-30' AS Date), 3, 196.611115)
INSERT [dbo].[price] ([date], [stock_id], [price]) VALUES (CAST(N'2018-08-30' AS Date), 4, 85.830849)
INSERT [dbo].[price] ([date], [stock_id], [price]) VALUES (CAST(N'2018-08-30' AS Date), 5, 43.838497)
INSERT [dbo].[price] ([date], [stock_id], [price]) VALUES (CAST(N'2018-08-31' AS Date), 1, 111.371185)
INSERT [dbo].[price] ([date], [stock_id], [price]) VALUES (CAST(N'2018-08-31' AS Date), 2, 225.869812)
INSERT [dbo].[price] ([date], [stock_id], [price]) VALUES (CAST(N'2018-08-31' AS Date), 3, 198.101044)
INSERT [dbo].[price] ([date], [stock_id], [price]) VALUES (CAST(N'2018-08-31' AS Date), 4, 86.017632)
INSERT [dbo].[price] ([date], [stock_id], [price]) VALUES (CAST(N'2018-08-31' AS Date), 5, 43.467896)
INSERT [dbo].[price] ([date], [stock_id], [price]) VALUES (CAST(N'2018-09-04' AS Date), 1, 110.75647)
INSERT [dbo].[price] ([date], [stock_id], [price]) VALUES (CAST(N'2018-09-04' AS Date), 2, 226.594162)
INSERT [dbo].[price] ([date], [stock_id], [price]) VALUES (CAST(N'2018-09-04' AS Date), 3, 202.35376)
INSERT [dbo].[price] ([date], [stock_id], [price]) VALUES (CAST(N'2018-09-04' AS Date), 4, 87.443062)
INSERT [dbo].[price] ([date], [stock_id], [price]) VALUES (CAST(N'2018-09-04' AS Date), 5, 43.653194)
INSERT [dbo].[price] ([date], [stock_id], [price]) VALUES (CAST(N'2018-09-05' AS Date), 1, 107.563957)
INSERT [dbo].[price] ([date], [stock_id], [price]) VALUES (CAST(N'2018-09-05' AS Date), 2, 225.115677)
INSERT [dbo].[price] ([date], [stock_id], [price]) VALUES (CAST(N'2018-09-05' AS Date), 3, 201.436111)
INSERT [dbo].[price] ([date], [stock_id], [price]) VALUES (CAST(N'2018-09-05' AS Date), 4, 87.098991)
INSERT [dbo].[price] ([date], [stock_id], [price]) VALUES (CAST(N'2018-09-05' AS Date), 5, 44.25787)
INSERT [dbo].[price] ([date], [stock_id], [price]) VALUES (CAST(N'2018-09-06' AS Date), 1, 107.811821)
INSERT [dbo].[price] ([date], [stock_id], [price]) VALUES (CAST(N'2018-09-06' AS Date), 2, 221.374847)
INSERT [dbo].[price] ([date], [stock_id], [price]) VALUES (CAST(N'2018-09-06' AS Date), 3, 203.152969)
INSERT [dbo].[price] ([date], [stock_id], [price]) VALUES (CAST(N'2018-09-06' AS Date), 4, 87.374252)
INSERT [dbo].[price] ([date], [stock_id], [price]) VALUES (CAST(N'2018-09-06' AS Date), 5, 44.638222)
INSERT [dbo].[price] ([date], [stock_id], [price]) VALUES (CAST(N'2018-09-07' AS Date), 1, 107.286346)
INSERT [dbo].[price] ([date], [stock_id], [price]) VALUES (CAST(N'2018-09-07' AS Date), 2, 219.58876)
INSERT [dbo].[price] ([date], [stock_id], [price]) VALUES (CAST(N'2018-09-07' AS Date), 3, 203.488464)
INSERT [dbo].[price] ([date], [stock_id], [price]) VALUES (CAST(N'2018-09-07' AS Date), 4, 87.236626)
INSERT [dbo].[price] ([date], [stock_id], [price]) VALUES (CAST(N'2018-09-07' AS Date), 5, 44.589462)
INSERT [dbo].[price] ([date], [stock_id], [price]) VALUES (CAST(N'2018-09-10' AS Date), 1, 108.446358)
INSERT [dbo].[price] ([date], [stock_id], [price]) VALUES (CAST(N'2018-09-10' AS Date), 2, 216.641724)
INSERT [dbo].[price] ([date], [stock_id], [price]) VALUES (CAST(N'2018-09-10' AS Date), 3, 207.889175)
INSERT [dbo].[price] ([date], [stock_id], [price]) VALUES (CAST(N'2018-09-10' AS Date), 4, 87.747818)
INSERT [dbo].[price] ([date], [stock_id], [price]) VALUES (CAST(N'2018-09-10' AS Date), 5, 44.921051)
INSERT [dbo].[price] ([date], [stock_id], [price]) VALUES (CAST(N'2018-09-11' AS Date), 1, 110.290482)
INSERT [dbo].[price] ([date], [stock_id], [price]) VALUES (CAST(N'2018-09-11' AS Date), 2, 222.119049)
INSERT [dbo].[price] ([date], [stock_id], [price]) VALUES (CAST(N'2018-09-11' AS Date), 3, 211.007156)
INSERT [dbo].[price] ([date], [stock_id], [price]) VALUES (CAST(N'2018-09-11' AS Date), 4, 87.295609)
INSERT [dbo].[price] ([date], [stock_id], [price]) VALUES (CAST(N'2018-09-11' AS Date), 5, 44.882042)
INSERT [dbo].[price] ([date], [stock_id], [price]) VALUES (CAST(N'2018-09-12' AS Date), 1, 110.75647)
INSERT [dbo].[price] ([date], [stock_id], [price]) VALUES (CAST(N'2018-09-12' AS Date), 2, 219.36055)
INSERT [dbo].[price] ([date], [stock_id], [price]) VALUES (CAST(N'2018-09-12' AS Date), 3, 209.162018)
INSERT [dbo].[price] ([date], [stock_id], [price]) VALUES (CAST(N'2018-09-12' AS Date), 4, 87.148148)
INSERT [dbo].[price] ([date], [stock_id], [price]) VALUES (CAST(N'2018-09-12' AS Date), 5, 45.0966)
INSERT [dbo].[price] ([date], [stock_id], [price]) VALUES (CAST(N'2018-09-13' AS Date), 1, 111.946236)
INSERT [dbo].[price] ([date], [stock_id], [price]) VALUES (CAST(N'2018-09-13' AS Date), 2, 224.659256)
INSERT [dbo].[price] ([date], [stock_id], [price]) VALUES (CAST(N'2018-09-13' AS Date), 3, 206.665649)
INSERT [dbo].[price] ([date], [stock_id], [price]) VALUES (CAST(N'2018-09-13' AS Date), 4, 86.587799)
INSERT [dbo].[price] ([date], [stock_id], [price]) VALUES (CAST(N'2018-09-13' AS Date), 5, 45.076927)
INSERT [dbo].[price] ([date], [stock_id], [price]) VALUES (CAST(N'2018-09-14' AS Date), 1, 112.402298)
INSERT [dbo].[price] ([date], [stock_id], [price]) VALUES (CAST(N'2018-09-14' AS Date), 2, 222.1091)
INSERT [dbo].[price] ([date], [stock_id], [price]) VALUES (CAST(N'2018-09-14' AS Date), 3, 206.29071)
INSERT [dbo].[price] ([date], [stock_id], [price]) VALUES (CAST(N'2018-09-14' AS Date), 4, 86.450172)
INSERT [dbo].[price] ([date], [stock_id], [price]) VALUES (CAST(N'2018-09-14' AS Date), 5, 45.234299)
INSERT [dbo].[price] ([date], [stock_id], [price]) VALUES (CAST(N'2018-09-17' AS Date), 1, 111.1828)
INSERT [dbo].[price] ([date], [stock_id], [price]) VALUES (CAST(N'2018-09-17' AS Date), 2, 216.195206)
INSERT [dbo].[price] ([date], [stock_id], [price]) VALUES (CAST(N'2018-09-17' AS Date), 3, 205.629608)
INSERT [dbo].[price] ([date], [stock_id], [price]) VALUES (CAST(N'2018-09-17' AS Date), 4, 85.801353)
INSERT [dbo].[price] ([date], [stock_id], [price]) VALUES (CAST(N'2018-09-17' AS Date), 5, 45.558876)
INSERT [dbo].[price] ([date], [stock_id], [price]) VALUES (CAST(N'2018-09-18' AS Date), 1, 112.243668)
INSERT [dbo].[price] ([date], [stock_id], [price]) VALUES (CAST(N'2018-09-18' AS Date), 2, 216.552414)
INSERT [dbo].[price] ([date], [stock_id], [price]) VALUES (CAST(N'2018-09-18' AS Date), 3, 208.214783)
INSERT [dbo].[price] ([date], [stock_id], [price]) VALUES (CAST(N'2018-09-18' AS Date), 4, 86.19458)
INSERT [dbo].[price] ([date], [stock_id], [price]) VALUES (CAST(N'2018-09-18' AS Date), 5, 45.175285)
INSERT [dbo].[price] ([date], [stock_id], [price]) VALUES (CAST(N'2018-09-19' AS Date), 1, 110.746552)
INSERT [dbo].[price] ([date], [stock_id], [price]) VALUES (CAST(N'2018-09-19' AS Date), 2, 216.681412)
INSERT [dbo].[price] ([date], [stock_id], [price]) VALUES (CAST(N'2018-09-19' AS Date), 3, 208.866013)
INSERT [dbo].[price] ([date], [stock_id], [price]) VALUES (CAST(N'2018-09-19' AS Date), 4, 85.683395)
INSERT [dbo].[price] ([date], [stock_id], [price]) VALUES (CAST(N'2018-09-19' AS Date), 5, 45.204792)
INSERT [dbo].[price] ([date], [stock_id], [price]) VALUES (CAST(N'2018-09-20' AS Date), 1, 112.600594)
INSERT [dbo].[price] ([date], [stock_id], [price]) VALUES (CAST(N'2018-09-20' AS Date), 2, 218.328583)
INSERT [dbo].[price] ([date], [stock_id], [price]) VALUES (CAST(N'2018-09-20' AS Date), 3, 208.254257)
INSERT [dbo].[price] ([date], [stock_id], [price]) VALUES (CAST(N'2018-09-20' AS Date), 4, 85.899658)
INSERT [dbo].[price] ([date], [stock_id], [price]) VALUES (CAST(N'2018-09-20' AS Date), 5, 45.873619)
GO
INSERT [dbo].[price] ([date], [stock_id], [price]) VALUES (CAST(N'2018-09-21' AS Date), 1, 113.284706)
INSERT [dbo].[price] ([date], [stock_id], [price]) VALUES (CAST(N'2018-09-21' AS Date), 2, 215.976913)
INSERT [dbo].[price] ([date], [stock_id], [price]) VALUES (CAST(N'2018-09-21' AS Date), 3, 209.566574)
INSERT [dbo].[price] ([date], [stock_id], [price]) VALUES (CAST(N'2018-09-21' AS Date), 4, 85.830849)
INSERT [dbo].[price] ([date], [stock_id], [price]) VALUES (CAST(N'2018-09-21' AS Date), 5, 45.814606)
INSERT [dbo].[price] ([date], [stock_id], [price]) VALUES (CAST(N'2018-09-24' AS Date), 1, 113.691208)
INSERT [dbo].[price] ([date], [stock_id], [price]) VALUES (CAST(N'2018-09-24' AS Date), 2, 219.082687)
INSERT [dbo].[price] ([date], [stock_id], [price]) VALUES (CAST(N'2018-09-24' AS Date), 3, 205.225067)
INSERT [dbo].[price] ([date], [stock_id], [price]) VALUES (CAST(N'2018-09-24' AS Date), 4, 85.762032)
INSERT [dbo].[price] ([date], [stock_id], [price]) VALUES (CAST(N'2018-09-24' AS Date), 5, 45.312984)
INSERT [dbo].[price] ([date], [stock_id], [price]) VALUES (CAST(N'2018-09-25' AS Date), 1, 113.473083)
INSERT [dbo].[price] ([date], [stock_id], [price]) VALUES (CAST(N'2018-09-25' AS Date), 2, 220.471878)
INSERT [dbo].[price] ([date], [stock_id], [price]) VALUES (CAST(N'2018-09-25' AS Date), 3, 204.702118)
INSERT [dbo].[price] ([date], [stock_id], [price]) VALUES (CAST(N'2018-09-25' AS Date), 4, 85.830849)
INSERT [dbo].[price] ([date], [stock_id], [price]) VALUES (CAST(N'2018-09-25' AS Date), 5, 44.929394)
INSERT [dbo].[price] ([date], [stock_id], [price]) VALUES (CAST(N'2018-09-26' AS Date), 1, 113.007103)
INSERT [dbo].[price] ([date], [stock_id], [price]) VALUES (CAST(N'2018-09-26' AS Date), 2, 218.715561)
INSERT [dbo].[price] ([date], [stock_id], [price]) VALUES (CAST(N'2018-09-26' AS Date), 3, 204.761322)
INSERT [dbo].[price] ([date], [stock_id], [price]) VALUES (CAST(N'2018-09-26' AS Date), 4, 86.401016)
INSERT [dbo].[price] ([date], [stock_id], [price]) VALUES (CAST(N'2018-09-26' AS Date), 5, 45.096596)
INSERT [dbo].[price] ([date], [stock_id], [price]) VALUES (CAST(N'2018-09-27' AS Date), 1, 113.433426)
INSERT [dbo].[price] ([date], [stock_id], [price]) VALUES (CAST(N'2018-09-27' AS Date), 2, 223.210526)
INSERT [dbo].[price] ([date], [stock_id], [price]) VALUES (CAST(N'2018-09-27' AS Date), 3, 204.090347)
INSERT [dbo].[price] ([date], [stock_id], [price]) VALUES (CAST(N'2018-09-27' AS Date), 4, 86.027458)
INSERT [dbo].[price] ([date], [stock_id], [price]) VALUES (CAST(N'2018-09-27' AS Date), 5, 45.253967)
INSERT [dbo].[price] ([date], [stock_id], [price]) VALUES (CAST(N'2018-09-28' AS Date), 1, 113.393768)
INSERT [dbo].[price] ([date], [stock_id], [price]) VALUES (CAST(N'2018-09-28' AS Date), 2, 223.994431)
INSERT [dbo].[price] ([date], [stock_id], [price]) VALUES (CAST(N'2018-09-28' AS Date), 3, 204.396225)
INSERT [dbo].[price] ([date], [stock_id], [price]) VALUES (CAST(N'2018-09-28' AS Date), 4, 86.715599)
INSERT [dbo].[price] ([date], [stock_id], [price]) VALUES (CAST(N'2018-09-28' AS Date), 5, 45.431011)
INSERT [dbo].[price] ([date], [stock_id], [price]) VALUES (CAST(N'2018-10-01' AS Date), 1, 114.623184)
INSERT [dbo].[price] ([date], [stock_id], [price]) VALUES (CAST(N'2018-10-01' AS Date), 2, 225.50267)
INSERT [dbo].[price] ([date], [stock_id], [price]) VALUES (CAST(N'2018-10-01' AS Date), 3, 204.840256)
INSERT [dbo].[price] ([date], [stock_id], [price]) VALUES (CAST(N'2018-10-01' AS Date), 4, 86.971199)
INSERT [dbo].[price] ([date], [stock_id], [price]) VALUES (CAST(N'2018-10-01' AS Date), 5, 45.470356)
INSERT [dbo].[price] ([date], [stock_id], [price]) VALUES (CAST(N'2018-10-02' AS Date), 1, 114.167114)
INSERT [dbo].[price] ([date], [stock_id], [price]) VALUES (CAST(N'2018-10-02' AS Date), 2, 227.50705)
INSERT [dbo].[price] ([date], [stock_id], [price]) VALUES (CAST(N'2018-10-02' AS Date), 3, 202.028122)
INSERT [dbo].[price] ([date], [stock_id], [price]) VALUES (CAST(N'2018-10-02' AS Date), 4, 85.152542)
INSERT [dbo].[price] ([date], [stock_id], [price]) VALUES (CAST(N'2018-10-02' AS Date), 5, 45.745754)
INSERT [dbo].[price] ([date], [stock_id], [price]) VALUES (CAST(N'2018-10-03' AS Date), 1, 114.186935)
INSERT [dbo].[price] ([date], [stock_id], [price]) VALUES (CAST(N'2018-10-03' AS Date), 2, 230.275482)
INSERT [dbo].[price] ([date], [stock_id], [price]) VALUES (CAST(N'2018-10-03' AS Date), 3, 201.03157)
INSERT [dbo].[price] ([date], [stock_id], [price]) VALUES (CAST(N'2018-10-03' AS Date), 4, 84.51355)
INSERT [dbo].[price] ([date], [stock_id], [price]) VALUES (CAST(N'2018-10-03' AS Date), 5, 45.116268)
INSERT [dbo].[price] ([date], [stock_id], [price]) VALUES (CAST(N'2018-10-04' AS Date), 1, 111.827248)
INSERT [dbo].[price] ([date], [stock_id], [price]) VALUES (CAST(N'2018-10-04' AS Date), 2, 226.227036)
INSERT [dbo].[price] ([date], [stock_id], [price]) VALUES (CAST(N'2018-10-04' AS Date), 3, 196.206573)
INSERT [dbo].[price] ([date], [stock_id], [price]) VALUES (CAST(N'2018-10-04' AS Date), 4, 83.402687)
INSERT [dbo].[price] ([date], [stock_id], [price]) VALUES (CAST(N'2018-10-04' AS Date), 5, 45.096596)
INSERT [dbo].[price] ([date], [stock_id], [price]) VALUES (CAST(N'2018-10-05' AS Date), 1, 111.17289)
INSERT [dbo].[price] ([date], [stock_id], [price]) VALUES (CAST(N'2018-10-05' AS Date), 2, 222.555634)
INSERT [dbo].[price] ([date], [stock_id], [price]) VALUES (CAST(N'2018-10-05' AS Date), 3, 193.769409)
INSERT [dbo].[price] ([date], [stock_id], [price]) VALUES (CAST(N'2018-10-05' AS Date), 4, 83.088112)
INSERT [dbo].[price] ([date], [stock_id], [price]) VALUES (CAST(N'2018-10-05' AS Date), 5, 45.12611)
INSERT [dbo].[price] ([date], [stock_id], [price]) VALUES (CAST(N'2018-10-08' AS Date), 1, 109.903809)
INSERT [dbo].[price] ([date], [stock_id], [price]) VALUES (CAST(N'2018-10-08' AS Date), 2, 222.039658)
INSERT [dbo].[price] ([date], [stock_id], [price]) VALUES (CAST(N'2018-10-08' AS Date), 3, 195.77243)
INSERT [dbo].[price] ([date], [stock_id], [price]) VALUES (CAST(N'2018-10-08' AS Date), 4, 83.953201)
INSERT [dbo].[price] ([date], [stock_id], [price]) VALUES (CAST(N'2018-10-08' AS Date), 5, 45.716248)
INSERT [dbo].[price] ([date], [stock_id], [price]) VALUES (CAST(N'2018-10-09' AS Date), 1, 111.301773)
INSERT [dbo].[price] ([date], [stock_id], [price]) VALUES (CAST(N'2018-10-09' AS Date), 2, 225.115677)
INSERT [dbo].[price] ([date], [stock_id], [price]) VALUES (CAST(N'2018-10-09' AS Date), 3, 193.147781)
INSERT [dbo].[price] ([date], [stock_id], [price]) VALUES (CAST(N'2018-10-09' AS Date), 4, 84.208801)
INSERT [dbo].[price] ([date], [stock_id], [price]) VALUES (CAST(N'2018-10-09' AS Date), 5, 45.627728)
INSERT [dbo].[price] ([date], [stock_id], [price]) VALUES (CAST(N'2018-10-10' AS Date), 1, 105.253845)
INSERT [dbo].[price] ([date], [stock_id], [price]) VALUES (CAST(N'2018-10-10' AS Date), 2, 214.686966)
INSERT [dbo].[price] ([date], [stock_id], [price]) VALUES (CAST(N'2018-10-10' AS Date), 3, 191.125031)
INSERT [dbo].[price] ([date], [stock_id], [price]) VALUES (CAST(N'2018-10-10' AS Date), 4, 83.756592)
INSERT [dbo].[price] ([date], [stock_id], [price]) VALUES (CAST(N'2018-10-10' AS Date), 5, 44.929394)
INSERT [dbo].[price] ([date], [stock_id], [price]) VALUES (CAST(N'2018-10-11' AS Date), 1, 105.005981)
INSERT [dbo].[price] ([date], [stock_id], [price]) VALUES (CAST(N'2018-10-11' AS Date), 2, 212.791718)
INSERT [dbo].[price] ([date], [stock_id], [price]) VALUES (CAST(N'2018-10-11' AS Date), 3, 187.217667)
INSERT [dbo].[price] ([date], [stock_id], [price]) VALUES (CAST(N'2018-10-11' AS Date), 4, 81.397255)
INSERT [dbo].[price] ([date], [stock_id], [price]) VALUES (CAST(N'2018-10-11' AS Date), 5, 43.906483)
INSERT [dbo].[price] ([date], [stock_id], [price]) VALUES (CAST(N'2018-10-12' AS Date), 1, 108.634735)
INSERT [dbo].[price] ([date], [stock_id], [price]) VALUES (CAST(N'2018-10-12' AS Date), 2, 220.392502)
INSERT [dbo].[price] ([date], [stock_id], [price]) VALUES (CAST(N'2018-10-12' AS Date), 3, 189.911377)
INSERT [dbo].[price] ([date], [stock_id], [price]) VALUES (CAST(N'2018-10-12' AS Date), 4, 83.17659)
INSERT [dbo].[price] ([date], [stock_id], [price]) VALUES (CAST(N'2018-10-12' AS Date), 5, 43.945827)
INSERT [dbo].[price] ([date], [stock_id], [price]) VALUES (CAST(N'2018-10-15' AS Date), 1, 106.681557)
INSERT [dbo].[price] ([date], [stock_id], [price]) VALUES (CAST(N'2018-10-15' AS Date), 2, 215.67923)
INSERT [dbo].[price] ([date], [stock_id], [price]) VALUES (CAST(N'2018-10-15' AS Date), 3, 188.628662)
INSERT [dbo].[price] ([date], [stock_id], [price]) VALUES (CAST(N'2018-10-15' AS Date), 4, 83.166756)
INSERT [dbo].[price] ([date], [stock_id], [price]) VALUES (CAST(N'2018-10-15' AS Date), 5, 44.172047)
INSERT [dbo].[price] ([date], [stock_id], [price]) VALUES (CAST(N'2018-10-16' AS Date), 1, 110.052536)
INSERT [dbo].[price] ([date], [stock_id], [price]) VALUES (CAST(N'2018-10-16' AS Date), 2, 220.432175)
INSERT [dbo].[price] ([date], [stock_id], [price]) VALUES (CAST(N'2018-10-16' AS Date), 3, 191.006622)
INSERT [dbo].[price] ([date], [stock_id], [price]) VALUES (CAST(N'2018-10-16' AS Date), 4, 84.356255)
INSERT [dbo].[price] ([date], [stock_id], [price]) VALUES (CAST(N'2018-10-16' AS Date), 5, 44.742516)
INSERT [dbo].[price] ([date], [stock_id], [price]) VALUES (CAST(N'2018-10-17' AS Date), 1, 109.765007)
INSERT [dbo].[price] ([date], [stock_id], [price]) VALUES (CAST(N'2018-10-17' AS Date), 2, 219.479614)
INSERT [dbo].[price] ([date], [stock_id], [price]) VALUES (CAST(N'2018-10-17' AS Date), 3, 182.70842)
INSERT [dbo].[price] ([date], [stock_id], [price]) VALUES (CAST(N'2018-10-17' AS Date), 4, 82.989807)
INSERT [dbo].[price] ([date], [stock_id], [price]) VALUES (CAST(N'2018-10-17' AS Date), 5, 45.106438)
INSERT [dbo].[price] ([date], [stock_id], [price]) VALUES (CAST(N'2018-10-18' AS Date), 1, 107.573868)
INSERT [dbo].[price] ([date], [stock_id], [price]) VALUES (CAST(N'2018-10-18' AS Date), 2, 214.349579)
INSERT [dbo].[price] ([date], [stock_id], [price]) VALUES (CAST(N'2018-10-18' AS Date), 3, 178.041306)
INSERT [dbo].[price] ([date], [stock_id], [price]) VALUES (CAST(N'2018-10-18' AS Date), 4, 81.947762)
INSERT [dbo].[price] ([date], [stock_id], [price]) VALUES (CAST(N'2018-10-18' AS Date), 5, 44.860542)
GO
INSERT [dbo].[price] ([date], [stock_id], [price]) VALUES (CAST(N'2018-10-19' AS Date), 1, 107.732506)
INSERT [dbo].[price] ([date], [stock_id], [price]) VALUES (CAST(N'2018-10-19' AS Date), 2, 217.614151)
INSERT [dbo].[price] ([date], [stock_id], [price]) VALUES (CAST(N'2018-10-19' AS Date), 3, 177.459152)
INSERT [dbo].[price] ([date], [stock_id], [price]) VALUES (CAST(N'2018-10-19' AS Date), 4, 80.630463)
INSERT [dbo].[price] ([date], [stock_id], [price]) VALUES (CAST(N'2018-10-19' AS Date), 5, 45.568714)
INSERT [dbo].[price] ([date], [stock_id], [price]) VALUES (CAST(N'2018-10-22' AS Date), 1, 108.694221)
INSERT [dbo].[price] ([date], [stock_id], [price]) VALUES (CAST(N'2018-10-22' AS Date), 2, 218.943771)
INSERT [dbo].[price] ([date], [stock_id], [price]) VALUES (CAST(N'2018-10-22' AS Date), 3, 176.373779)
INSERT [dbo].[price] ([date], [stock_id], [price]) VALUES (CAST(N'2018-10-22' AS Date), 4, 81.819969)
INSERT [dbo].[price] ([date], [stock_id], [price]) VALUES (CAST(N'2018-10-22' AS Date), 5, 45.21463)
INSERT [dbo].[price] ([date], [stock_id], [price]) VALUES (CAST(N'2018-10-23' AS Date), 1, 107.177284)
INSERT [dbo].[price] ([date], [stock_id], [price]) VALUES (CAST(N'2018-10-23' AS Date), 2, 221.00769)
INSERT [dbo].[price] ([date], [stock_id], [price]) VALUES (CAST(N'2018-10-23' AS Date), 3, 176.156693)
INSERT [dbo].[price] ([date], [stock_id], [price]) VALUES (CAST(N'2018-10-23' AS Date), 4, 81.269455)
INSERT [dbo].[price] ([date], [stock_id], [price]) VALUES (CAST(N'2018-10-23' AS Date), 5, 45.598217)
INSERT [dbo].[price] ([date], [stock_id], [price]) VALUES (CAST(N'2018-10-24' AS Date), 1, 101.446625)
INSERT [dbo].[price] ([date], [stock_id], [price]) VALUES (CAST(N'2018-10-24' AS Date), 2, 213.426773)
INSERT [dbo].[price] ([date], [stock_id], [price]) VALUES (CAST(N'2018-10-24' AS Date), 3, 174.617432)
INSERT [dbo].[price] ([date], [stock_id], [price]) VALUES (CAST(N'2018-10-24' AS Date), 4, 80.876228)
INSERT [dbo].[price] ([date], [stock_id], [price]) VALUES (CAST(N'2018-10-24' AS Date), 5, 45.962135)
INSERT [dbo].[price] ([date], [stock_id], [price]) VALUES (CAST(N'2018-10-25' AS Date), 1, 107.37558)
INSERT [dbo].[price] ([date], [stock_id], [price]) VALUES (CAST(N'2018-10-25' AS Date), 2, 218.100357)
INSERT [dbo].[price] ([date], [stock_id], [price]) VALUES (CAST(N'2018-10-25' AS Date), 3, 176.689529)
INSERT [dbo].[price] ([date], [stock_id], [price]) VALUES (CAST(N'2018-10-25' AS Date), 4, 82.409805)
INSERT [dbo].[price] ([date], [stock_id], [price]) VALUES (CAST(N'2018-10-25' AS Date), 5, 45.745754)
INSERT [dbo].[price] ([date], [stock_id], [price]) VALUES (CAST(N'2018-10-26' AS Date), 1, 106.047012)
INSERT [dbo].[price] ([date], [stock_id], [price]) VALUES (CAST(N'2018-10-26' AS Date), 2, 214.627411)
INSERT [dbo].[price] ([date], [stock_id], [price]) VALUES (CAST(N'2018-10-26' AS Date), 3, 169.940445)
INSERT [dbo].[price] ([date], [stock_id], [price]) VALUES (CAST(N'2018-10-26' AS Date), 4, 80.551826)
INSERT [dbo].[price] ([date], [stock_id], [price]) VALUES (CAST(N'2018-10-26' AS Date), 5, 45.165447)
INSERT [dbo].[price] ([date], [stock_id], [price]) VALUES (CAST(N'2018-10-29' AS Date), 1, 102.963562)
INSERT [dbo].[price] ([date], [stock_id], [price]) VALUES (CAST(N'2018-10-29' AS Date), 2, 210.598831)
INSERT [dbo].[price] ([date], [stock_id], [price]) VALUES (CAST(N'2018-10-29' AS Date), 3, 170.897537)
INSERT [dbo].[price] ([date], [stock_id], [price]) VALUES (CAST(N'2018-10-29' AS Date), 4, 82.675224)
INSERT [dbo].[price] ([date], [stock_id], [price]) VALUES (CAST(N'2018-10-29' AS Date), 5, 45.696575)
INSERT [dbo].[price] ([date], [stock_id], [price]) VALUES (CAST(N'2018-10-30' AS Date), 1, 102.844597)
INSERT [dbo].[price] ([date], [stock_id], [price]) VALUES (CAST(N'2018-10-30' AS Date), 2, 211.65062)
INSERT [dbo].[price] ([date], [stock_id], [price]) VALUES (CAST(N'2018-10-30' AS Date), 3, 173.897141)
INSERT [dbo].[price] ([date], [stock_id], [price]) VALUES (CAST(N'2018-10-30' AS Date), 4, 84.316933)
INSERT [dbo].[price] ([date], [stock_id], [price]) VALUES (CAST(N'2018-10-30' AS Date), 5, 46.847351)
INSERT [dbo].[price] ([date], [stock_id], [price]) VALUES (CAST(N'2018-10-31' AS Date), 1, 105.898293)
INSERT [dbo].[price] ([date], [stock_id], [price]) VALUES (CAST(N'2018-10-31' AS Date), 2, 217.167618)
INSERT [dbo].[price] ([date], [stock_id], [price]) VALUES (CAST(N'2018-10-31' AS Date), 3, 173.541931)
INSERT [dbo].[price] ([date], [stock_id], [price]) VALUES (CAST(N'2018-10-31' AS Date), 4, 82.213188)
INSERT [dbo].[price] ([date], [stock_id], [price]) VALUES (CAST(N'2018-10-31' AS Date), 5, 47.093243)
INSERT [dbo].[price] ([date], [stock_id], [price]) VALUES (CAST(N'2018-11-01' AS Date), 1, 105.015892)
INSERT [dbo].[price] ([date], [stock_id], [price]) VALUES (CAST(N'2018-11-01' AS Date), 2, 220.501633)
INSERT [dbo].[price] ([date], [stock_id], [price]) VALUES (CAST(N'2018-11-01' AS Date), 3, 178.061035)
INSERT [dbo].[price] ([date], [stock_id], [price]) VALUES (CAST(N'2018-11-01' AS Date), 4, 82.803032)
INSERT [dbo].[price] ([date], [stock_id], [price]) VALUES (CAST(N'2018-11-01' AS Date), 5, 46.955544)
INSERT [dbo].[price] ([date], [stock_id], [price]) VALUES (CAST(N'2018-11-02' AS Date), 1, 105.253845)
INSERT [dbo].[price] ([date], [stock_id], [price]) VALUES (CAST(N'2018-11-02' AS Date), 2, 205.87561)
INSERT [dbo].[price] ([date], [stock_id], [price]) VALUES (CAST(N'2018-11-02' AS Date), 3, 177.538071)
INSERT [dbo].[price] ([date], [stock_id], [price]) VALUES (CAST(N'2018-11-02' AS Date), 4, 82.97998)
INSERT [dbo].[price] ([date], [stock_id], [price]) VALUES (CAST(N'2018-11-02' AS Date), 5, 47.211269)
INSERT [dbo].[price] ([date], [stock_id], [price]) VALUES (CAST(N'2018-11-05' AS Date), 1, 106.592323)
INSERT [dbo].[price] ([date], [stock_id], [price]) VALUES (CAST(N'2018-11-05' AS Date), 2, 200.031158)
INSERT [dbo].[price] ([date], [stock_id], [price]) VALUES (CAST(N'2018-11-05' AS Date), 3, 179.768036)
INSERT [dbo].[price] ([date], [stock_id], [price]) VALUES (CAST(N'2018-11-05' AS Date), 4, 83.904045)
INSERT [dbo].[price] ([date], [stock_id], [price]) VALUES (CAST(N'2018-11-05' AS Date), 5, 47.889931)
INSERT [dbo].[price] ([date], [stock_id], [price]) VALUES (CAST(N'2018-11-06' AS Date), 1, 106.800529)
INSERT [dbo].[price] ([date], [stock_id], [price]) VALUES (CAST(N'2018-11-06' AS Date), 2, 202.194321)
INSERT [dbo].[price] ([date], [stock_id], [price]) VALUES (CAST(N'2018-11-06' AS Date), 3, 179.590439)
INSERT [dbo].[price] ([date], [stock_id], [price]) VALUES (CAST(N'2018-11-06' AS Date), 4, 84.139984)
INSERT [dbo].[price] ([date], [stock_id], [price]) VALUES (CAST(N'2018-11-06' AS Date), 5, 48.303032)
INSERT [dbo].[price] ([date], [stock_id], [price]) VALUES (CAST(N'2018-11-07' AS Date), 1, 111.004333)
INSERT [dbo].[price] ([date], [stock_id], [price]) VALUES (CAST(N'2018-11-07' AS Date), 2, 208.326508)
INSERT [dbo].[price] ([date], [stock_id], [price]) VALUES (CAST(N'2018-11-07' AS Date), 3, 184.741028)
INSERT [dbo].[price] ([date], [stock_id], [price]) VALUES (CAST(N'2018-11-07' AS Date), 4, 85.290169)
INSERT [dbo].[price] ([date], [stock_id], [price]) VALUES (CAST(N'2018-11-07' AS Date), 5, 48.558758)
INSERT [dbo].[price] ([date], [stock_id], [price]) VALUES (CAST(N'2018-11-08' AS Date), 1, 110.796135)
INSERT [dbo].[price] ([date], [stock_id], [price]) VALUES (CAST(N'2018-11-08' AS Date), 2, 207.599655)
INSERT [dbo].[price] ([date], [stock_id], [price]) VALUES (CAST(N'2018-11-08' AS Date), 3, 185.500809)
INSERT [dbo].[price] ([date], [stock_id], [price]) VALUES (CAST(N'2018-11-08' AS Date), 4, 86.115936)
INSERT [dbo].[price] ([date], [stock_id], [price]) VALUES (CAST(N'2018-11-08' AS Date), 5, 48.519417)
INSERT [dbo].[price] ([date], [stock_id], [price]) VALUES (CAST(N'2018-11-09' AS Date), 1, 108.634735)
INSERT [dbo].[price] ([date], [stock_id], [price]) VALUES (CAST(N'2018-11-09' AS Date), 2, 203.596817)
INSERT [dbo].[price] ([date], [stock_id], [price]) VALUES (CAST(N'2018-11-09' AS Date), 3, 183.517532)
INSERT [dbo].[price] ([date], [stock_id], [price]) VALUES (CAST(N'2018-11-09' AS Date), 4, 85.467117)
INSERT [dbo].[price] ([date], [stock_id], [price]) VALUES (CAST(N'2018-11-09' AS Date), 5, 48.863663)
INSERT [dbo].[price] ([date], [stock_id], [price]) VALUES (CAST(N'2018-11-12' AS Date), 1, 105.957787)
INSERT [dbo].[price] ([date], [stock_id], [price]) VALUES (CAST(N'2018-11-12' AS Date), 2, 193.34079)
INSERT [dbo].[price] ([date], [stock_id], [price]) VALUES (CAST(N'2018-11-12' AS Date), 3, 177.044708)
INSERT [dbo].[price] ([date], [stock_id], [price]) VALUES (CAST(N'2018-11-12' AS Date), 4, 84.022018)
INSERT [dbo].[price] ([date], [stock_id], [price]) VALUES (CAST(N'2018-11-12' AS Date), 5, 49.050545)
INSERT [dbo].[price] ([date], [stock_id], [price]) VALUES (CAST(N'2018-11-13' AS Date), 1, 106.027191)
INSERT [dbo].[price] ([date], [stock_id], [price]) VALUES (CAST(N'2018-11-13' AS Date), 2, 191.409073)
INSERT [dbo].[price] ([date], [stock_id], [price]) VALUES (CAST(N'2018-11-13' AS Date), 3, 176.620453)
INSERT [dbo].[price] ([date], [stock_id], [price]) VALUES (CAST(N'2018-11-13' AS Date), 4, 82.891502)
INSERT [dbo].[price] ([date], [stock_id], [price]) VALUES (CAST(N'2018-11-13' AS Date), 5, 49.040707)
INSERT [dbo].[price] ([date], [stock_id], [price]) VALUES (CAST(N'2018-11-14' AS Date), 1, 104.523613)
INSERT [dbo].[price] ([date], [stock_id], [price]) VALUES (CAST(N'2018-11-14' AS Date), 2, 186.002274)
INSERT [dbo].[price] ([date], [stock_id], [price]) VALUES (CAST(N'2018-11-14' AS Date), 3, 177.508484)
INSERT [dbo].[price] ([date], [stock_id], [price]) VALUES (CAST(N'2018-11-14' AS Date), 4, 81.721657)
INSERT [dbo].[price] ([date], [stock_id], [price]) VALUES (CAST(N'2018-11-14' AS Date), 5, 48.942348)
INSERT [dbo].[price] ([date], [stock_id], [price]) VALUES (CAST(N'2018-11-15' AS Date), 1, 106.823784)
INSERT [dbo].[price] ([date], [stock_id], [price]) VALUES (CAST(N'2018-11-15' AS Date), 2, 190.59259)
INSERT [dbo].[price] ([date], [stock_id], [price]) VALUES (CAST(N'2018-11-15' AS Date), 3, 175.002243)
INSERT [dbo].[price] ([date], [stock_id], [price]) VALUES (CAST(N'2018-11-15' AS Date), 4, 79.391815)
INSERT [dbo].[price] ([date], [stock_id], [price]) VALUES (CAST(N'2018-11-15' AS Date), 5, 48.92268)
GO
INSERT [dbo].[price] ([date], [stock_id], [price]) VALUES (CAST(N'2018-11-16' AS Date), 1, 107.829491)
INSERT [dbo].[price] ([date], [stock_id], [price]) VALUES (CAST(N'2018-11-16' AS Date), 2, 192.703537)
INSERT [dbo].[price] ([date], [stock_id], [price]) VALUES (CAST(N'2018-11-16' AS Date), 3, 174.666779)
INSERT [dbo].[price] ([date], [stock_id], [price]) VALUES (CAST(N'2018-11-16' AS Date), 4, 78.330116)
INSERT [dbo].[price] ([date], [stock_id], [price]) VALUES (CAST(N'2018-11-16' AS Date), 5, 49.345612)
INSERT [dbo].[price] ([date], [stock_id], [price]) VALUES (CAST(N'2018-11-19' AS Date), 1, 104.175102)
INSERT [dbo].[price] ([date], [stock_id], [price]) VALUES (CAST(N'2018-11-19' AS Date), 2, 185.066284)
INSERT [dbo].[price] ([date], [stock_id], [price]) VALUES (CAST(N'2018-11-19' AS Date), 3, 171.282349)
INSERT [dbo].[price] ([date], [stock_id], [price]) VALUES (CAST(N'2018-11-19' AS Date), 4, 76.47213)
INSERT [dbo].[price] ([date], [stock_id], [price]) VALUES (CAST(N'2018-11-19' AS Date), 5, 49.680023)
INSERT [dbo].[price] ([date], [stock_id], [price]) VALUES (CAST(N'2018-11-20' AS Date), 1, 101.277473)
INSERT [dbo].[price] ([date], [stock_id], [price]) VALUES (CAST(N'2018-11-20' AS Date), 2, 176.224197)
INSERT [dbo].[price] ([date], [stock_id], [price]) VALUES (CAST(N'2018-11-20' AS Date), 3, 166.802719)
INSERT [dbo].[price] ([date], [stock_id], [price]) VALUES (CAST(N'2018-11-20' AS Date), 4, 68.423477)
INSERT [dbo].[price] ([date], [stock_id], [price]) VALUES (CAST(N'2018-11-20' AS Date), 5, 48.568596)
INSERT [dbo].[price] ([date], [stock_id], [price]) VALUES (CAST(N'2018-11-21' AS Date), 1, 102.671516)
INSERT [dbo].[price] ([date], [stock_id], [price]) VALUES (CAST(N'2018-11-21' AS Date), 2, 176.025055)
INSERT [dbo].[price] ([date], [stock_id], [price]) VALUES (CAST(N'2018-11-21' AS Date), 3, 167.049393)
INSERT [dbo].[price] ([date], [stock_id], [price]) VALUES (CAST(N'2018-11-21' AS Date), 4, 68.651459)
INSERT [dbo].[price] ([date], [stock_id], [price]) VALUES (CAST(N'2018-11-21' AS Date), 5, 47.929276)
INSERT [dbo].[price] ([date], [stock_id], [price]) VALUES (CAST(N'2018-11-23' AS Date), 1, 102.631691)
INSERT [dbo].[price] ([date], [stock_id], [price]) VALUES (CAST(N'2018-11-23' AS Date), 2, 171.55423)
INSERT [dbo].[price] ([date], [stock_id], [price]) VALUES (CAST(N'2018-11-23' AS Date), 3, 166.605377)
INSERT [dbo].[price] ([date], [stock_id], [price]) VALUES (CAST(N'2018-11-23' AS Date), 4, 66.758232)
INSERT [dbo].[price] ([date], [stock_id], [price]) VALUES (CAST(N'2018-11-23' AS Date), 5, 48.214512)
INSERT [dbo].[price] ([date], [stock_id], [price]) VALUES (CAST(N'2018-11-26' AS Date), 1, 106.017235)
INSERT [dbo].[price] ([date], [stock_id], [price]) VALUES (CAST(N'2018-11-26' AS Date), 2, 173.874283)
INSERT [dbo].[price] ([date], [stock_id], [price]) VALUES (CAST(N'2018-11-26' AS Date), 3, 167.562485)
INSERT [dbo].[price] ([date], [stock_id], [price]) VALUES (CAST(N'2018-11-26' AS Date), 4, 68.641541)
INSERT [dbo].[price] ([date], [stock_id], [price]) VALUES (CAST(N'2018-11-26' AS Date), 5, 48.066975)
INSERT [dbo].[price] ([date], [stock_id], [price]) VALUES (CAST(N'2018-11-27' AS Date), 1, 106.68438)
INSERT [dbo].[price] ([date], [stock_id], [price]) VALUES (CAST(N'2018-11-27' AS Date), 2, 173.495911)
INSERT [dbo].[price] ([date], [stock_id], [price]) VALUES (CAST(N'2018-11-27' AS Date), 3, 170.917297)
INSERT [dbo].[price] ([date], [stock_id], [price]) VALUES (CAST(N'2018-11-27' AS Date), 4, 70.752823)
INSERT [dbo].[price] ([date], [stock_id], [price]) VALUES (CAST(N'2018-11-27' AS Date), 5, 48.558758)
INSERT [dbo].[price] ([date], [stock_id], [price]) VALUES (CAST(N'2018-11-28' AS Date), 1, 110.647461)
INSERT [dbo].[price] ([date], [stock_id], [price]) VALUES (CAST(N'2018-11-28' AS Date), 2, 180.167297)
INSERT [dbo].[price] ([date], [stock_id], [price]) VALUES (CAST(N'2018-11-28' AS Date), 3, 176.118546)
INSERT [dbo].[price] ([date], [stock_id], [price]) VALUES (CAST(N'2018-11-28' AS Date), 4, 71.248436)
INSERT [dbo].[price] ([date], [stock_id], [price]) VALUES (CAST(N'2018-11-28' AS Date), 5, 48.893173)
INSERT [dbo].[price] ([date], [stock_id], [price]) VALUES (CAST(N'2018-11-29' AS Date), 1, 109.721413)
INSERT [dbo].[price] ([date], [stock_id], [price]) VALUES (CAST(N'2018-11-29' AS Date), 2, 178.783234)
INSERT [dbo].[price] ([date], [stock_id], [price]) VALUES (CAST(N'2018-11-29' AS Date), 3, 174.361649)
INSERT [dbo].[price] ([date], [stock_id], [price]) VALUES (CAST(N'2018-11-29' AS Date), 4, 70.54467)
INSERT [dbo].[price] ([date], [stock_id], [price]) VALUES (CAST(N'2018-11-29' AS Date), 5, 48.556114)
INSERT [dbo].[price] ([date], [stock_id], [price]) VALUES (CAST(N'2018-11-30' AS Date), 1, 110.418434)
INSERT [dbo].[price] ([date], [stock_id], [price]) VALUES (CAST(N'2018-11-30' AS Date), 2, 177.817383)
INSERT [dbo].[price] ([date], [stock_id], [price]) VALUES (CAST(N'2018-11-30' AS Date), 3, 178.987198)
INSERT [dbo].[price] ([date], [stock_id], [price]) VALUES (CAST(N'2018-11-30' AS Date), 4, 70.336517)
INSERT [dbo].[price] ([date], [stock_id], [price]) VALUES (CAST(N'2018-11-30' AS Date), 5, 49.963829)
INSERT [dbo].[price] ([date], [stock_id], [price]) VALUES (CAST(N'2018-12-03' AS Date), 1, 111.613327)
INSERT [dbo].[price] ([date], [stock_id], [price]) VALUES (CAST(N'2018-12-03' AS Date), 2, 184.030731)
INSERT [dbo].[price] ([date], [stock_id], [price]) VALUES (CAST(N'2018-12-03' AS Date), 3, 180.396698)
INSERT [dbo].[price] ([date], [stock_id], [price]) VALUES (CAST(N'2018-12-03' AS Date), 4, 71.704391)
INSERT [dbo].[price] ([date], [stock_id], [price]) VALUES (CAST(N'2018-12-03' AS Date), 5, 49.259968)
INSERT [dbo].[price] ([date], [stock_id], [price]) VALUES (CAST(N'2018-12-04' AS Date), 1, 108.05851)
INSERT [dbo].[price] ([date], [stock_id], [price]) VALUES (CAST(N'2018-12-04' AS Date), 2, 175.935455)
INSERT [dbo].[price] ([date], [stock_id], [price]) VALUES (CAST(N'2018-12-04' AS Date), 3, 174.004303)
INSERT [dbo].[price] ([date], [stock_id], [price]) VALUES (CAST(N'2018-12-04' AS Date), 4, 68.701012)
INSERT [dbo].[price] ([date], [stock_id], [price]) VALUES (CAST(N'2018-12-04' AS Date), 5, 49.150925)
INSERT [dbo].[price] ([date], [stock_id], [price]) VALUES (CAST(N'2018-12-06' AS Date), 1, 108.72567)
INSERT [dbo].[price] ([date], [stock_id], [price]) VALUES (CAST(N'2018-12-06' AS Date), 2, 173.973862)
INSERT [dbo].[price] ([date], [stock_id], [price]) VALUES (CAST(N'2018-12-06' AS Date), 3, 174.659424)
INSERT [dbo].[price] ([date], [stock_id], [price]) VALUES (CAST(N'2018-12-06' AS Date), 4, 68.928993)
INSERT [dbo].[price] ([date], [stock_id], [price]) VALUES (CAST(N'2018-12-06' AS Date), 5, 48.952656)
INSERT [dbo].[price] ([date], [stock_id], [price]) VALUES (CAST(N'2018-12-07' AS Date), 1, 104.374245)
INSERT [dbo].[price] ([date], [stock_id], [price]) VALUES (CAST(N'2018-12-07' AS Date), 2, 167.770477)
INSERT [dbo].[price] ([date], [stock_id], [price]) VALUES (CAST(N'2018-12-07' AS Date), 3, 171.512848)
INSERT [dbo].[price] ([date], [stock_id], [price]) VALUES (CAST(N'2018-12-07' AS Date), 4, 67.214195)
INSERT [dbo].[price] ([date], [stock_id], [price]) VALUES (CAST(N'2018-12-07' AS Date), 5, 48.665165)
INSERT [dbo].[price] ([date], [stock_id], [price]) VALUES (CAST(N'2018-12-10' AS Date), 1, 107.132462)
INSERT [dbo].[price] ([date], [stock_id], [price]) VALUES (CAST(N'2018-12-10' AS Date), 2, 168.875732)
INSERT [dbo].[price] ([date], [stock_id], [price]) VALUES (CAST(N'2018-12-10' AS Date), 3, 170.42099)
INSERT [dbo].[price] ([date], [stock_id], [price]) VALUES (CAST(N'2018-12-10' AS Date), 4, 67.719711)
INSERT [dbo].[price] ([date], [stock_id], [price]) VALUES (CAST(N'2018-12-10' AS Date), 5, 48.813866)
INSERT [dbo].[price] ([date], [stock_id], [price]) VALUES (CAST(N'2018-12-11' AS Date), 1, 108.128212)
INSERT [dbo].[price] ([date], [stock_id], [price]) VALUES (CAST(N'2018-12-11' AS Date), 2, 167.909866)
INSERT [dbo].[price] ([date], [stock_id], [price]) VALUES (CAST(N'2018-12-11' AS Date), 3, 170.937149)
INSERT [dbo].[price] ([date], [stock_id], [price]) VALUES (CAST(N'2018-12-11' AS Date), 4, 66.193245)
INSERT [dbo].[price] ([date], [stock_id], [price]) VALUES (CAST(N'2018-12-11' AS Date), 5, 49.111271)
INSERT [dbo].[price] ([date], [stock_id], [price]) VALUES (CAST(N'2018-12-12' AS Date), 1, 108.616135)
INSERT [dbo].[price] ([date], [stock_id], [price]) VALUES (CAST(N'2018-12-12' AS Date), 2, 168.377869)
INSERT [dbo].[price] ([date], [stock_id], [price]) VALUES (CAST(N'2018-12-12' AS Date), 3, 172.922363)
INSERT [dbo].[price] ([date], [stock_id], [price]) VALUES (CAST(N'2018-12-12' AS Date), 4, 67.194374)
INSERT [dbo].[price] ([date], [stock_id], [price]) VALUES (CAST(N'2018-12-12' AS Date), 5, 48.794041)
INSERT [dbo].[price] ([date], [stock_id], [price]) VALUES (CAST(N'2018-12-13' AS Date), 1, 108.984558)
INSERT [dbo].[price] ([date], [stock_id], [price]) VALUES (CAST(N'2018-12-13' AS Date), 2, 170.219955)
INSERT [dbo].[price] ([date], [stock_id], [price]) VALUES (CAST(N'2018-12-13' AS Date), 3, 172.584869)
INSERT [dbo].[price] ([date], [stock_id], [price]) VALUES (CAST(N'2018-12-13' AS Date), 4, 66.094124)
INSERT [dbo].[price] ([date], [stock_id], [price]) VALUES (CAST(N'2018-12-13' AS Date), 5, 49.041878)
INSERT [dbo].[price] ([date], [stock_id], [price]) VALUES (CAST(N'2018-12-14' AS Date), 1, 105.579102)
INSERT [dbo].[price] ([date], [stock_id], [price]) VALUES (CAST(N'2018-12-14' AS Date), 2, 164.773315)
INSERT [dbo].[price] ([date], [stock_id], [price]) VALUES (CAST(N'2018-12-14' AS Date), 3, 171.016541)
INSERT [dbo].[price] ([date], [stock_id], [price]) VALUES (CAST(N'2018-12-14' AS Date), 4, 66.579819)
INSERT [dbo].[price] ([date], [stock_id], [price]) VALUES (CAST(N'2018-12-14' AS Date), 5, 48.913002)
INSERT [dbo].[price] ([date], [stock_id], [price]) VALUES (CAST(N'2018-12-17' AS Date), 1, 102.452454)
INSERT [dbo].[price] ([date], [stock_id], [price]) VALUES (CAST(N'2018-12-17' AS Date), 2, 163.239899)
INSERT [dbo].[price] ([date], [stock_id], [price]) VALUES (CAST(N'2018-12-17' AS Date), 3, 166.728485)
INSERT [dbo].[price] ([date], [stock_id], [price]) VALUES (CAST(N'2018-12-17' AS Date), 4, 63.75486)
INSERT [dbo].[price] ([date], [stock_id], [price]) VALUES (CAST(N'2018-12-17' AS Date), 5, 47.911743)
GO
INSERT [dbo].[price] ([date], [stock_id], [price]) VALUES (CAST(N'2018-12-18' AS Date), 1, 103.527863)
INSERT [dbo].[price] ([date], [stock_id], [price]) VALUES (CAST(N'2018-12-18' AS Date), 2, 165.360809)
INSERT [dbo].[price] ([date], [stock_id], [price]) VALUES (CAST(N'2018-12-18' AS Date), 3, 168.783173)
INSERT [dbo].[price] ([date], [stock_id], [price]) VALUES (CAST(N'2018-12-18' AS Date), 4, 64.73616)
INSERT [dbo].[price] ([date], [stock_id], [price]) VALUES (CAST(N'2018-12-18' AS Date), 5, 47.901829)
INSERT [dbo].[price] ([date], [stock_id], [price]) VALUES (CAST(N'2018-12-19' AS Date), 1, 103.249054)
INSERT [dbo].[price] ([date], [stock_id], [price]) VALUES (CAST(N'2018-12-19' AS Date), 2, 160.202927)
INSERT [dbo].[price] ([date], [stock_id], [price]) VALUES (CAST(N'2018-12-19' AS Date), 3, 166.321503)
INSERT [dbo].[price] ([date], [stock_id], [price]) VALUES (CAST(N'2018-12-19' AS Date), 4, 62.277954)
INSERT [dbo].[price] ([date], [stock_id], [price]) VALUES (CAST(N'2018-12-19' AS Date), 5, 47.485462)
INSERT [dbo].[price] ([date], [stock_id], [price]) VALUES (CAST(N'2018-12-20' AS Date), 1, 101.078323)
INSERT [dbo].[price] ([date], [stock_id], [price]) VALUES (CAST(N'2018-12-20' AS Date), 2, 156.160263)
INSERT [dbo].[price] ([date], [stock_id], [price]) VALUES (CAST(N'2018-12-20' AS Date), 3, 162.94664)
INSERT [dbo].[price] ([date], [stock_id], [price]) VALUES (CAST(N'2018-12-20' AS Date), 4, 61.157883)
INSERT [dbo].[price] ([date], [stock_id], [price]) VALUES (CAST(N'2018-12-20' AS Date), 5, 47.128578)
INSERT [dbo].[price] ([date], [stock_id], [price]) VALUES (CAST(N'2018-12-21' AS Date), 1, 97.812279)
INSERT [dbo].[price] ([date], [stock_id], [price]) VALUES (CAST(N'2018-12-21' AS Date), 2, 150.086304)
INSERT [dbo].[price] ([date], [stock_id], [price]) VALUES (CAST(N'2018-12-21' AS Date), 3, 159.293839)
INSERT [dbo].[price] ([date], [stock_id], [price]) VALUES (CAST(N'2018-12-21' AS Date), 4, 60.592888)
INSERT [dbo].[price] ([date], [stock_id], [price]) VALUES (CAST(N'2018-12-21' AS Date), 5, 47.158318)
INSERT [dbo].[price] ([date], [stock_id], [price]) VALUES (CAST(N'2018-12-24' AS Date), 1, 93.729706)
INSERT [dbo].[price] ([date], [stock_id], [price]) VALUES (CAST(N'2018-12-24' AS Date), 2, 146.202972)
INSERT [dbo].[price] ([date], [stock_id], [price]) VALUES (CAST(N'2018-12-24' AS Date), 3, 156.97113)
INSERT [dbo].[price] ([date], [stock_id], [price]) VALUES (CAST(N'2018-12-24' AS Date), 4, 61.009197)
INSERT [dbo].[price] ([date], [stock_id], [price]) VALUES (CAST(N'2018-12-24' AS Date), 5, 45.562252)
INSERT [dbo].[price] ([date], [stock_id], [price]) VALUES (CAST(N'2018-12-26' AS Date), 1, 100.132362)
INSERT [dbo].[price] ([date], [stock_id], [price]) VALUES (CAST(N'2018-12-26' AS Date), 2, 156.49881)
INSERT [dbo].[price] ([date], [stock_id], [price]) VALUES (CAST(N'2018-12-26' AS Date), 3, 167.036179)
INSERT [dbo].[price] ([date], [stock_id], [price]) VALUES (CAST(N'2018-12-26' AS Date), 4, 64.537918)
INSERT [dbo].[price] ([date], [stock_id], [price]) VALUES (CAST(N'2018-12-26' AS Date), 5, 46.533768)
INSERT [dbo].[price] ([date], [stock_id], [price]) VALUES (CAST(N'2018-12-27' AS Date), 1, 100.749725)
INSERT [dbo].[price] ([date], [stock_id], [price]) VALUES (CAST(N'2018-12-27' AS Date), 2, 155.483154)
INSERT [dbo].[price] ([date], [stock_id], [price]) VALUES (CAST(N'2018-12-27' AS Date), 3, 169.061111)
INSERT [dbo].[price] ([date], [stock_id], [price]) VALUES (CAST(N'2018-12-27' AS Date), 4, 64.141434)
INSERT [dbo].[price] ([date], [stock_id], [price]) VALUES (CAST(N'2018-12-27' AS Date), 5, 47.118664)
INSERT [dbo].[price] ([date], [stock_id], [price]) VALUES (CAST(N'2018-12-28' AS Date), 1, 99.963089)
INSERT [dbo].[price] ([date], [stock_id], [price]) VALUES (CAST(N'2018-12-28' AS Date), 2, 155.56282)
INSERT [dbo].[price] ([date], [stock_id], [price]) VALUES (CAST(N'2018-12-28' AS Date), 3, 168.961853)
INSERT [dbo].[price] ([date], [stock_id], [price]) VALUES (CAST(N'2018-12-28' AS Date), 4, 64.389236)
INSERT [dbo].[price] ([date], [stock_id], [price]) VALUES (CAST(N'2018-12-28' AS Date), 5, 46.791519)
INSERT [dbo].[price] ([date], [stock_id], [price]) VALUES (CAST(N'2018-12-31' AS Date), 1, 101.138069)
INSERT [dbo].[price] ([date], [stock_id], [price]) VALUES (CAST(N'2018-12-31' AS Date), 2, 157.066376)
INSERT [dbo].[price] ([date], [stock_id], [price]) VALUES (CAST(N'2018-12-31' AS Date), 3, 170.550034)
INSERT [dbo].[price] ([date], [stock_id], [price]) VALUES (CAST(N'2018-12-31' AS Date), 4, 65.509308)
INSERT [dbo].[price] ([date], [stock_id], [price]) VALUES (CAST(N'2018-12-31' AS Date), 5, 46.94022)
INSERT [dbo].[price] ([date], [stock_id], [price]) VALUES (CAST(N'2019-01-02' AS Date), 1, 100.689987)
INSERT [dbo].[price] ([date], [stock_id], [price]) VALUES (CAST(N'2019-01-02' AS Date), 2, 157.245605)
INSERT [dbo].[price] ([date], [stock_id], [price]) VALUES (CAST(N'2019-01-02' AS Date), 3, 171.135666)
INSERT [dbo].[price] ([date], [stock_id], [price]) VALUES (CAST(N'2019-01-02' AS Date), 4, 65.856232)
INSERT [dbo].[price] ([date], [stock_id], [price]) VALUES (CAST(N'2019-01-02' AS Date), 5, 46.523857)
INSERT [dbo].[price] ([date], [stock_id], [price]) VALUES (CAST(N'2019-01-03' AS Date), 1, 96.985802)
INSERT [dbo].[price] ([date], [stock_id], [price]) VALUES (CAST(N'2019-01-03' AS Date), 2, 141.582779)
INSERT [dbo].[price] ([date], [stock_id], [price]) VALUES (CAST(N'2019-01-03' AS Date), 3, 167.363754)
INSERT [dbo].[price] ([date], [stock_id], [price]) VALUES (CAST(N'2019-01-03' AS Date), 4, 64.954224)
INSERT [dbo].[price] ([date], [stock_id], [price]) VALUES (CAST(N'2019-01-03' AS Date), 5, 46.236366)
INSERT [dbo].[price] ([date], [stock_id], [price]) VALUES (CAST(N'2019-01-04' AS Date), 1, 101.496536)
INSERT [dbo].[price] ([date], [stock_id], [price]) VALUES (CAST(N'2019-01-04' AS Date), 2, 147.626846)
INSERT [dbo].[price] ([date], [stock_id], [price]) VALUES (CAST(N'2019-01-04' AS Date), 3, 172.336716)
INSERT [dbo].[price] ([date], [stock_id], [price]) VALUES (CAST(N'2019-01-04' AS Date), 4, 65.846321)
INSERT [dbo].[price] ([date], [stock_id], [price]) VALUES (CAST(N'2019-01-04' AS Date), 5, 47.158318)
INSERT [dbo].[price] ([date], [stock_id], [price]) VALUES (CAST(N'2019-01-07' AS Date), 1, 101.625984)
INSERT [dbo].[price] ([date], [stock_id], [price]) VALUES (CAST(N'2019-01-07' AS Date), 2, 147.298264)
INSERT [dbo].[price] ([date], [stock_id], [price]) VALUES (CAST(N'2019-01-07' AS Date), 3, 175.73143)
INSERT [dbo].[price] ([date], [stock_id], [price]) VALUES (CAST(N'2019-01-07' AS Date), 4, 69.067764)
INSERT [dbo].[price] ([date], [stock_id], [price]) VALUES (CAST(N'2019-01-07' AS Date), 5, 46.543686)
INSERT [dbo].[price] ([date], [stock_id], [price]) VALUES (CAST(N'2019-01-08' AS Date), 1, 102.362839)
INSERT [dbo].[price] ([date], [stock_id], [price]) VALUES (CAST(N'2019-01-08' AS Date), 2, 150.106216)
INSERT [dbo].[price] ([date], [stock_id], [price]) VALUES (CAST(N'2019-01-08' AS Date), 3, 176.57515)
INSERT [dbo].[price] ([date], [stock_id], [price]) VALUES (CAST(N'2019-01-08' AS Date), 4, 68.998383)
INSERT [dbo].[price] ([date], [stock_id], [price]) VALUES (CAST(N'2019-01-08' AS Date), 5, 47.069096)
INSERT [dbo].[price] ([date], [stock_id], [price]) VALUES (CAST(N'2019-01-09' AS Date), 1, 103.826584)
INSERT [dbo].[price] ([date], [stock_id], [price]) VALUES (CAST(N'2019-01-09' AS Date), 2, 152.655289)
INSERT [dbo].[price] ([date], [stock_id], [price]) VALUES (CAST(N'2019-01-09' AS Date), 3, 178.40155)
INSERT [dbo].[price] ([date], [stock_id], [price]) VALUES (CAST(N'2019-01-09' AS Date), 4, 69.672409)
INSERT [dbo].[price] ([date], [stock_id], [price]) VALUES (CAST(N'2019-01-09' AS Date), 5, 46.166973)
INSERT [dbo].[price] ([date], [stock_id], [price]) VALUES (CAST(N'2019-01-10' AS Date), 1, 103.159431)
INSERT [dbo].[price] ([date], [stock_id], [price]) VALUES (CAST(N'2019-01-10' AS Date), 2, 153.143204)
INSERT [dbo].[price] ([date], [stock_id], [price]) VALUES (CAST(N'2019-01-10' AS Date), 3, 177.736511)
INSERT [dbo].[price] ([date], [stock_id], [price]) VALUES (CAST(N'2019-01-10' AS Date), 4, 67.68998)
INSERT [dbo].[price] ([date], [stock_id], [price]) VALUES (CAST(N'2019-01-10' AS Date), 5, 46.662643)
INSERT [dbo].[price] ([date], [stock_id], [price]) VALUES (CAST(N'2019-01-11' AS Date), 1, 102.362839)
INSERT [dbo].[price] ([date], [stock_id], [price]) VALUES (CAST(N'2019-01-11' AS Date), 2, 151.639633)
INSERT [dbo].[price] ([date], [stock_id], [price]) VALUES (CAST(N'2019-01-11' AS Date), 3, 178.083923)
INSERT [dbo].[price] ([date], [stock_id], [price]) VALUES (CAST(N'2019-01-11' AS Date), 4, 68.998383)
INSERT [dbo].[price] ([date], [stock_id], [price]) VALUES (CAST(N'2019-01-11' AS Date), 5, 46.930309)
INSERT [dbo].[price] ([date], [stock_id], [price]) VALUES (CAST(N'2019-01-14' AS Date), 1, 101.616028)
INSERT [dbo].[price] ([date], [stock_id], [price]) VALUES (CAST(N'2019-01-14' AS Date), 2, 149.359421)
INSERT [dbo].[price] ([date], [stock_id], [price]) VALUES (CAST(N'2019-01-14' AS Date), 3, 177.488358)
INSERT [dbo].[price] ([date], [stock_id], [price]) VALUES (CAST(N'2019-01-14' AS Date), 4, 68.235146)
INSERT [dbo].[price] ([date], [stock_id], [price]) VALUES (CAST(N'2019-01-14' AS Date), 5, 46.741955)
INSERT [dbo].[price] ([date], [stock_id], [price]) VALUES (CAST(N'2019-01-15' AS Date), 1, 104.563438)
INSERT [dbo].[price] ([date], [stock_id], [price]) VALUES (CAST(N'2019-01-15' AS Date), 2, 152.416321)
INSERT [dbo].[price] ([date], [stock_id], [price]) VALUES (CAST(N'2019-01-15' AS Date), 3, 175.165649)
INSERT [dbo].[price] ([date], [stock_id], [price]) VALUES (CAST(N'2019-01-15' AS Date), 4, 67.61068)
INSERT [dbo].[price] ([date], [stock_id], [price]) VALUES (CAST(N'2019-01-15' AS Date), 5, 47.158318)
INSERT [dbo].[price] ([date], [stock_id], [price]) VALUES (CAST(N'2019-01-16' AS Date), 1, 104.931862)
INSERT [dbo].[price] ([date], [stock_id], [price]) VALUES (CAST(N'2019-01-16' AS Date), 2, 154.278336)
INSERT [dbo].[price] ([date], [stock_id], [price]) VALUES (CAST(N'2019-01-16' AS Date), 3, 175.73143)
INSERT [dbo].[price] ([date], [stock_id], [price]) VALUES (CAST(N'2019-01-16' AS Date), 4, 67.253845)
INSERT [dbo].[price] ([date], [stock_id], [price]) VALUES (CAST(N'2019-01-16' AS Date), 5, 46.513943)
GO
INSERT [dbo].[price] ([date], [stock_id], [price]) VALUES (CAST(N'2019-01-17' AS Date), 1, 105.668724)
INSERT [dbo].[price] ([date], [stock_id], [price]) VALUES (CAST(N'2019-01-17' AS Date), 2, 155.194397)
INSERT [dbo].[price] ([date], [stock_id], [price]) VALUES (CAST(N'2019-01-17' AS Date), 3, 173.577469)
INSERT [dbo].[price] ([date], [stock_id], [price]) VALUES (CAST(N'2019-01-17' AS Date), 4, 68.76049)
INSERT [dbo].[price] ([date], [stock_id], [price]) VALUES (CAST(N'2019-01-17' AS Date), 5, 46.652733)
INSERT [dbo].[price] ([date], [stock_id], [price]) VALUES (CAST(N'2019-01-18' AS Date), 1, 107.251953)
INSERT [dbo].[price] ([date], [stock_id], [price]) VALUES (CAST(N'2019-01-18' AS Date), 2, 156.150314)
INSERT [dbo].[price] ([date], [stock_id], [price]) VALUES (CAST(N'2019-01-18' AS Date), 3, 178.25267)
INSERT [dbo].[price] ([date], [stock_id], [price]) VALUES (CAST(N'2019-01-18' AS Date), 4, 70.058975)
INSERT [dbo].[price] ([date], [stock_id], [price]) VALUES (CAST(N'2019-01-18' AS Date), 5, 47.197971)
INSERT [dbo].[price] ([date], [stock_id], [price]) VALUES (CAST(N'2019-01-22' AS Date), 1, 105.230591)
INSERT [dbo].[price] ([date], [stock_id], [price]) VALUES (CAST(N'2019-01-22' AS Date), 2, 152.64534)
INSERT [dbo].[price] ([date], [stock_id], [price]) VALUES (CAST(N'2019-01-22' AS Date), 3, 175.800919)
INSERT [dbo].[price] ([date], [stock_id], [price]) VALUES (CAST(N'2019-01-22' AS Date), 4, 69.662491)
INSERT [dbo].[price] ([date], [stock_id], [price]) VALUES (CAST(N'2019-01-22' AS Date), 5, 47.307022)
INSERT [dbo].[price] ([date], [stock_id], [price]) VALUES (CAST(N'2019-01-23' AS Date), 1, 106.25621)
INSERT [dbo].[price] ([date], [stock_id], [price]) VALUES (CAST(N'2019-01-23' AS Date), 2, 153.26268)
INSERT [dbo].[price] ([date], [stock_id], [price]) VALUES (CAST(N'2019-01-23' AS Date), 3, 175.58255)
INSERT [dbo].[price] ([date], [stock_id], [price]) VALUES (CAST(N'2019-01-23' AS Date), 4, 69.702141)
INSERT [dbo].[price] ([date], [stock_id], [price]) VALUES (CAST(N'2019-01-23' AS Date), 5, 47.852261)
INSERT [dbo].[price] ([date], [stock_id], [price]) VALUES (CAST(N'2019-01-24' AS Date), 1, 105.748375)
INSERT [dbo].[price] ([date], [stock_id], [price]) VALUES (CAST(N'2019-01-24' AS Date), 2, 152.047897)
INSERT [dbo].[price] ([date], [stock_id], [price]) VALUES (CAST(N'2019-01-24' AS Date), 3, 175.979584)
INSERT [dbo].[price] ([date], [stock_id], [price]) VALUES (CAST(N'2019-01-24' AS Date), 4, 69.989594)
INSERT [dbo].[price] ([date], [stock_id], [price]) VALUES (CAST(N'2019-01-24' AS Date), 5, 47.277279)
INSERT [dbo].[price] ([date], [stock_id], [price]) VALUES (CAST(N'2019-01-25' AS Date), 1, 106.714249)
INSERT [dbo].[price] ([date], [stock_id], [price]) VALUES (CAST(N'2019-01-25' AS Date), 2, 157.086288)
INSERT [dbo].[price] ([date], [stock_id], [price]) VALUES (CAST(N'2019-01-25' AS Date), 3, 179.066605)
INSERT [dbo].[price] ([date], [stock_id], [price]) VALUES (CAST(N'2019-01-25' AS Date), 4, 71.753952)
INSERT [dbo].[price] ([date], [stock_id], [price]) VALUES (CAST(N'2019-01-25' AS Date), 5, 46.960049)
INSERT [dbo].[price] ([date], [stock_id], [price]) VALUES (CAST(N'2019-01-28' AS Date), 1, 104.633141)
INSERT [dbo].[price] ([date], [stock_id], [price]) VALUES (CAST(N'2019-01-28' AS Date), 2, 155.632523)
INSERT [dbo].[price] ([date], [stock_id], [price]) VALUES (CAST(N'2019-01-28' AS Date), 3, 178.500824)
INSERT [dbo].[price] ([date], [stock_id], [price]) VALUES (CAST(N'2019-01-28' AS Date), 4, 71.486328)
INSERT [dbo].[price] ([date], [stock_id], [price]) VALUES (CAST(N'2019-01-28' AS Date), 5, 46.761776)
INSERT [dbo].[price] ([date], [stock_id], [price]) VALUES (CAST(N'2019-01-29' AS Date), 1, 102.502243)
INSERT [dbo].[price] ([date], [stock_id], [price]) VALUES (CAST(N'2019-01-29' AS Date), 2, 154.01944)
INSERT [dbo].[price] ([date], [stock_id], [price]) VALUES (CAST(N'2019-01-29' AS Date), 3, 178.361847)
INSERT [dbo].[price] ([date], [stock_id], [price]) VALUES (CAST(N'2019-01-29' AS Date), 4, 71.070015)
INSERT [dbo].[price] ([date], [stock_id], [price]) VALUES (CAST(N'2019-01-29' AS Date), 5, 46.989792)
INSERT [dbo].[price] ([date], [stock_id], [price]) VALUES (CAST(N'2019-01-30' AS Date), 1, 105.927612)
INSERT [dbo].[price] ([date], [stock_id], [price]) VALUES (CAST(N'2019-01-30' AS Date), 2, 164.544296)
INSERT [dbo].[price] ([date], [stock_id], [price]) VALUES (CAST(N'2019-01-30' AS Date), 3, 180.833435)
INSERT [dbo].[price] ([date], [stock_id], [price]) VALUES (CAST(N'2019-01-30' AS Date), 4, 71.694481)
INSERT [dbo].[price] ([date], [stock_id], [price]) VALUES (CAST(N'2019-01-30' AS Date), 5, 47.445808)
INSERT [dbo].[price] ([date], [stock_id], [price]) VALUES (CAST(N'2019-01-31' AS Date), 1, 103.985909)
INSERT [dbo].[price] ([date], [stock_id], [price]) VALUES (CAST(N'2019-01-31' AS Date), 2, 165.729218)
INSERT [dbo].[price] ([date], [stock_id], [price]) VALUES (CAST(N'2019-01-31' AS Date), 3, 182.173462)
INSERT [dbo].[price] ([date], [stock_id], [price]) VALUES (CAST(N'2019-01-31' AS Date), 4, 72.358597)
INSERT [dbo].[price] ([date], [stock_id], [price]) VALUES (CAST(N'2019-01-31' AS Date), 5, 47.713474)
INSERT [dbo].[price] ([date], [stock_id], [price]) VALUES (CAST(N'2019-02-01' AS Date), 1, 102.342918)
INSERT [dbo].[price] ([date], [stock_id], [price]) VALUES (CAST(N'2019-02-01' AS Date), 2, 165.808884)
INSERT [dbo].[price] ([date], [stock_id], [price]) VALUES (CAST(N'2019-02-01' AS Date), 3, 183.007248)
INSERT [dbo].[price] ([date], [stock_id], [price]) VALUES (CAST(N'2019-02-01' AS Date), 4, 70.54467)
INSERT [dbo].[price] ([date], [stock_id], [price]) VALUES (CAST(N'2019-02-01' AS Date), 5, 48.278538)
INSERT [dbo].[price] ([date], [stock_id], [price]) VALUES (CAST(N'2019-02-04' AS Date), 1, 105.290337)
INSERT [dbo].[price] ([date], [stock_id], [price]) VALUES (CAST(N'2019-02-04' AS Date), 2, 170.518677)
INSERT [dbo].[price] ([date], [stock_id], [price]) VALUES (CAST(N'2019-02-04' AS Date), 3, 185.052032)
INSERT [dbo].[price] ([date], [stock_id], [price]) VALUES (CAST(N'2019-02-04' AS Date), 4, 71.80352)
INSERT [dbo].[price] ([date], [stock_id], [price]) VALUES (CAST(N'2019-02-04' AS Date), 5, 48.82378)
INSERT [dbo].[price] ([date], [stock_id], [price]) VALUES (CAST(N'2019-02-05' AS Date), 1, 106.764046)
INSERT [dbo].[price] ([date], [stock_id], [price]) VALUES (CAST(N'2019-02-05' AS Date), 2, 173.436157)
INSERT [dbo].[price] ([date], [stock_id], [price]) VALUES (CAST(N'2019-02-05' AS Date), 3, 185.012329)
INSERT [dbo].[price] ([date], [stock_id], [price]) VALUES (CAST(N'2019-02-05' AS Date), 4, 72.130615)
INSERT [dbo].[price] ([date], [stock_id], [price]) VALUES (CAST(N'2019-02-05' AS Date), 5, 48.833691)
INSERT [dbo].[price] ([date], [stock_id], [price]) VALUES (CAST(N'2019-02-06' AS Date), 1, 105.579102)
INSERT [dbo].[price] ([date], [stock_id], [price]) VALUES (CAST(N'2019-02-06' AS Date), 2, 173.495911)
INSERT [dbo].[price] ([date], [stock_id], [price]) VALUES (CAST(N'2019-02-06' AS Date), 3, 183.354675)
INSERT [dbo].[price] ([date], [stock_id], [price]) VALUES (CAST(N'2019-02-06' AS Date), 4, 71.872902)
INSERT [dbo].[price] ([date], [stock_id], [price]) VALUES (CAST(N'2019-02-06' AS Date), 5, 48.833691)
INSERT [dbo].[price] ([date], [stock_id], [price]) VALUES (CAST(N'2019-02-07' AS Date), 1, 104.822327)
INSERT [dbo].[price] ([date], [stock_id], [price]) VALUES (CAST(N'2019-02-07' AS Date), 2, 170.210007)
INSERT [dbo].[price] ([date], [stock_id], [price]) VALUES (CAST(N'2019-02-07' AS Date), 3, 182.709488)
INSERT [dbo].[price] ([date], [stock_id], [price]) VALUES (CAST(N'2019-02-07' AS Date), 4, 71.228615)
INSERT [dbo].[price] ([date], [stock_id], [price]) VALUES (CAST(N'2019-02-07' AS Date), 5, 48.992306)
INSERT [dbo].[price] ([date], [stock_id], [price]) VALUES (CAST(N'2019-02-08' AS Date), 1, 105.220634)
INSERT [dbo].[price] ([date], [stock_id], [price]) VALUES (CAST(N'2019-02-08' AS Date), 2, 170.410004)
INSERT [dbo].[price] ([date], [stock_id], [price]) VALUES (CAST(N'2019-02-08' AS Date), 3, 183.175995)
INSERT [dbo].[price] ([date], [stock_id], [price]) VALUES (CAST(N'2019-02-08' AS Date), 4, 70.257217)
INSERT [dbo].[price] ([date], [stock_id], [price]) VALUES (CAST(N'2019-02-08' AS Date), 5, 49.071617)
INSERT [dbo].[price] ([date], [stock_id], [price]) VALUES (CAST(N'2019-02-11' AS Date), 1, 104.802422)
INSERT [dbo].[price] ([date], [stock_id], [price]) VALUES (CAST(N'2019-02-11' AS Date), 2, 169.429993)
INSERT [dbo].[price] ([date], [stock_id], [price]) VALUES (CAST(N'2019-02-11' AS Date), 3, 181.567978)
INSERT [dbo].[price] ([date], [stock_id], [price]) VALUES (CAST(N'2019-02-11' AS Date), 4, 69.533638)
INSERT [dbo].[price] ([date], [stock_id], [price]) VALUES (CAST(N'2019-02-11' AS Date), 5, 49.180664)
INSERT [dbo].[price] ([date], [stock_id], [price]) VALUES (CAST(N'2019-02-12' AS Date), 1, 106.435448)
INSERT [dbo].[price] ([date], [stock_id], [price]) VALUES (CAST(N'2019-02-12' AS Date), 2, 170.889999)
INSERT [dbo].[price] ([date], [stock_id], [price]) VALUES (CAST(N'2019-02-12' AS Date), 3, 184.148758)
INSERT [dbo].[price] ([date], [stock_id], [price]) VALUES (CAST(N'2019-02-12' AS Date), 4, 69.791351)
INSERT [dbo].[price] ([date], [stock_id], [price]) VALUES (CAST(N'2019-02-12' AS Date), 5, 49.230232)
INSERT [dbo].[price] ([date], [stock_id], [price]) VALUES (CAST(N'2019-02-13' AS Date), 1, 106.355782)
INSERT [dbo].[price] ([date], [stock_id], [price]) VALUES (CAST(N'2019-02-13' AS Date), 2, 170.179993)
INSERT [dbo].[price] ([date], [stock_id], [price]) VALUES (CAST(N'2019-02-13' AS Date), 3, 187.017395)
INSERT [dbo].[price] ([date], [stock_id], [price]) VALUES (CAST(N'2019-02-13' AS Date), 4, 71.932373)
INSERT [dbo].[price] ([date], [stock_id], [price]) VALUES (CAST(N'2019-02-13' AS Date), 5, 49.359108)
INSERT [dbo].[price] ([date], [stock_id], [price]) VALUES (CAST(N'2019-02-14' AS Date), 1, 106.445404)
INSERT [dbo].[price] ([date], [stock_id], [price]) VALUES (CAST(N'2019-02-14' AS Date), 2, 170.800003)
INSERT [dbo].[price] ([date], [stock_id], [price]) VALUES (CAST(N'2019-02-14' AS Date), 3, 186.322586)
INSERT [dbo].[price] ([date], [stock_id], [price]) VALUES (CAST(N'2019-02-14' AS Date), 4, 71.545799)
INSERT [dbo].[price] ([date], [stock_id], [price]) VALUES (CAST(N'2019-02-14' AS Date), 5, 45.195454)
GO
INSERT [dbo].[price] ([date], [stock_id], [price]) VALUES (CAST(N'2019-02-15' AS Date), 1, 107.759789)
INSERT [dbo].[price] ([date], [stock_id], [price]) VALUES (CAST(N'2019-02-15' AS Date), 2, 170.419998)
INSERT [dbo].[price] ([date], [stock_id], [price]) VALUES (CAST(N'2019-02-15' AS Date), 3, 190.967987)
INSERT [dbo].[price] ([date], [stock_id], [price]) VALUES (CAST(N'2019-02-15' AS Date), 4, 72.199997)
INSERT [dbo].[price] ([date], [stock_id], [price]) VALUES (CAST(N'2019-02-15' AS Date), 5, 44.848484)
INSERT [dbo].[price] ([date], [stock_id], [price]) VALUES (CAST(N'2019-02-19' AS Date), 1, 107.709999)
INSERT [dbo].[price] ([date], [stock_id], [price]) VALUES (CAST(N'2019-02-19' AS Date), 2, 170.929993)
INSERT [dbo].[price] ([date], [stock_id], [price]) VALUES (CAST(N'2019-02-19' AS Date), 3, 190.908432)
INSERT [dbo].[price] ([date], [stock_id], [price]) VALUES (CAST(N'2019-02-19' AS Date), 4, 73.300003)
INSERT [dbo].[price] ([date], [stock_id], [price]) VALUES (CAST(N'2019-02-19' AS Date), 5, 44.442032)
INSERT [dbo].[price] ([date], [stock_id], [price]) VALUES (CAST(N'2019-02-20' AS Date), 1, 107.150002)
INSERT [dbo].[price] ([date], [stock_id], [price]) VALUES (CAST(N'2019-02-20' AS Date), 2, 172.029999)
INSERT [dbo].[price] ([date], [stock_id], [price]) VALUES (CAST(N'2019-02-20' AS Date), 3, 190.431976)
INSERT [dbo].[price] ([date], [stock_id], [price]) VALUES (CAST(N'2019-02-20' AS Date), 4, 72.709999)
INSERT [dbo].[price] ([date], [stock_id], [price]) VALUES (CAST(N'2019-02-20' AS Date), 5, 44.709694)
INSERT [dbo].[price] ([date], [stock_id], [price]) VALUES (CAST(N'2019-02-21' AS Date), 1, 109.410004)
INSERT [dbo].[price] ([date], [stock_id], [price]) VALUES (CAST(N'2019-02-21' AS Date), 2, 171.059998)
INSERT [dbo].[price] ([date], [stock_id], [price]) VALUES (CAST(N'2019-02-21' AS Date), 3, 190.402206)
INSERT [dbo].[price] ([date], [stock_id], [price]) VALUES (CAST(N'2019-02-21' AS Date), 4, 72.029999)
INSERT [dbo].[price] ([date], [stock_id], [price]) VALUES (CAST(N'2019-02-21' AS Date), 5, 45.463116)
INSERT [dbo].[price] ([date], [stock_id], [price]) VALUES (CAST(N'2019-02-22' AS Date), 1, 110.970001)
INSERT [dbo].[price] ([date], [stock_id], [price]) VALUES (CAST(N'2019-02-22' AS Date), 2, 172.970001)
INSERT [dbo].[price] ([date], [stock_id], [price]) VALUES (CAST(N'2019-02-22' AS Date), 3, 190.967987)
INSERT [dbo].[price] ([date], [stock_id], [price]) VALUES (CAST(N'2019-02-22' AS Date), 4, 72.25)
INSERT [dbo].[price] ([date], [stock_id], [price]) VALUES (CAST(N'2019-02-22' AS Date), 5, 44.888134)
INSERT [dbo].[price] ([date], [stock_id], [price]) VALUES (CAST(N'2019-02-25' AS Date), 1, 111.589996)
INSERT [dbo].[price] ([date], [stock_id], [price]) VALUES (CAST(N'2019-02-25' AS Date), 2, 174.229996)
INSERT [dbo].[price] ([date], [stock_id], [price]) VALUES (CAST(N'2019-02-25' AS Date), 3, 188.57579)
INSERT [dbo].[price] ([date], [stock_id], [price]) VALUES (CAST(N'2019-02-25' AS Date), 4, 73.099998)
INSERT [dbo].[price] ([date], [stock_id], [price]) VALUES (CAST(N'2019-02-25' AS Date), 5, 44.551079)
INSERT [dbo].[price] ([date], [stock_id], [price]) VALUES (CAST(N'2019-02-26' AS Date), 1, 112.360001)
INSERT [dbo].[price] ([date], [stock_id], [price]) VALUES (CAST(N'2019-02-26' AS Date), 2, 174.330002)
INSERT [dbo].[price] ([date], [stock_id], [price]) VALUES (CAST(N'2019-02-26' AS Date), 3, 186.908218)
INSERT [dbo].[price] ([date], [stock_id], [price]) VALUES (CAST(N'2019-02-26' AS Date), 4, 72.290001)
INSERT [dbo].[price] ([date], [stock_id], [price]) VALUES (CAST(N'2019-02-26' AS Date), 5, 44.303242)
INSERT [dbo].[price] ([date], [stock_id], [price]) VALUES (CAST(N'2019-02-27' AS Date), 1, 112.169998)
INSERT [dbo].[price] ([date], [stock_id], [price]) VALUES (CAST(N'2019-02-27' AS Date), 2, 174.869995)
INSERT [dbo].[price] ([date], [stock_id], [price]) VALUES (CAST(N'2019-02-27' AS Date), 3, 182.312439)
INSERT [dbo].[price] ([date], [stock_id], [price]) VALUES (CAST(N'2019-02-27' AS Date), 4, 73.019997)
INSERT [dbo].[price] ([date], [stock_id], [price]) VALUES (CAST(N'2019-02-27' AS Date), 5, 44.551079)
INSERT [dbo].[price] ([date], [stock_id], [price]) VALUES (CAST(N'2019-02-28' AS Date), 1, 112.029999)
INSERT [dbo].[price] ([date], [stock_id], [price]) VALUES (CAST(N'2019-02-28' AS Date), 2, 173.149994)
INSERT [dbo].[price] ([date], [stock_id], [price]) VALUES (CAST(N'2019-02-28' AS Date), 3, 183.771561)
INSERT [dbo].[price] ([date], [stock_id], [price]) VALUES (CAST(N'2019-02-28' AS Date), 4, 72.639999)
INSERT [dbo].[price] ([date], [stock_id], [price]) VALUES (CAST(N'2019-02-28' AS Date), 5, 44.947617)
INSERT [dbo].[price] ([date], [stock_id], [price]) VALUES (CAST(N'2019-03-01' AS Date), 1, 112.529999)
INSERT [dbo].[price] ([date], [stock_id], [price]) VALUES (CAST(N'2019-03-01' AS Date), 2, 174.970001)
INSERT [dbo].[price] ([date], [stock_id], [price]) VALUES (CAST(N'2019-03-01' AS Date), 3, 183.801346)
INSERT [dbo].[price] ([date], [stock_id], [price]) VALUES (CAST(N'2019-03-01' AS Date), 4, 72.940002)
INSERT [dbo].[price] ([date], [stock_id], [price]) VALUES (CAST(N'2019-03-01' AS Date), 5, 44.98727)
INSERT [dbo].[price] ([date], [stock_id], [price]) VALUES (CAST(N'2019-03-04' AS Date), 1, 112.260002)
INSERT [dbo].[price] ([date], [stock_id], [price]) VALUES (CAST(N'2019-03-04' AS Date), 2, 175.850006)
INSERT [dbo].[price] ([date], [stock_id], [price]) VALUES (CAST(N'2019-03-04' AS Date), 3, 182.451401)
INSERT [dbo].[price] ([date], [stock_id], [price]) VALUES (CAST(N'2019-03-04' AS Date), 4, 72.669998)
INSERT [dbo].[price] ([date], [stock_id], [price]) VALUES (CAST(N'2019-03-04' AS Date), 5, 45.254936)
INSERT [dbo].[price] ([date], [stock_id], [price]) VALUES (CAST(N'2019-03-05' AS Date), 1, 111.699997)
INSERT [dbo].[price] ([date], [stock_id], [price]) VALUES (CAST(N'2019-03-05' AS Date), 2, 175.529999)
INSERT [dbo].[price] ([date], [stock_id], [price]) VALUES (CAST(N'2019-03-05' AS Date), 3, 182.639999)
INSERT [dbo].[price] ([date], [stock_id], [price]) VALUES (CAST(N'2019-03-05' AS Date), 4, 76)
INSERT [dbo].[price] ([date], [stock_id], [price]) VALUES (CAST(N'2019-03-05' AS Date), 5, 45.205364)
INSERT [dbo].[price] ([date], [stock_id], [price]) VALUES (CAST(N'2019-03-06' AS Date), 1, 111.75)
INSERT [dbo].[price] ([date], [stock_id], [price]) VALUES (CAST(N'2019-03-06' AS Date), 2, 174.520004)
INSERT [dbo].[price] ([date], [stock_id], [price]) VALUES (CAST(N'2019-03-06' AS Date), 3, 183.08667)
INSERT [dbo].[price] ([date], [stock_id], [price]) VALUES (CAST(N'2019-03-06' AS Date), 4, 76.900002)
INSERT [dbo].[price] ([date], [stock_id], [price]) VALUES (CAST(N'2019-03-06' AS Date), 5, 45.056667)
INSERT [dbo].[price] ([date], [stock_id], [price]) VALUES (CAST(N'2019-03-07' AS Date), 1, 110.389999)
INSERT [dbo].[price] ([date], [stock_id], [price]) VALUES (CAST(N'2019-03-07' AS Date), 2, 172.5)
INSERT [dbo].[price] ([date], [stock_id], [price]) VALUES (CAST(N'2019-03-07' AS Date), 3, 181.160995)
INSERT [dbo].[price] ([date], [stock_id], [price]) VALUES (CAST(N'2019-03-07' AS Date), 4, 76.169998)
INSERT [dbo].[price] ([date], [stock_id], [price]) VALUES (CAST(N'2019-03-07' AS Date), 5, 44.888134)
INSERT [dbo].[price] ([date], [stock_id], [price]) VALUES (CAST(N'2019-03-08' AS Date), 1, 110.510002)
INSERT [dbo].[price] ([date], [stock_id], [price]) VALUES (CAST(N'2019-03-08' AS Date), 2, 172.910004)
INSERT [dbo].[price] ([date], [stock_id], [price]) VALUES (CAST(N'2019-03-08' AS Date), 3, 179.890457)
INSERT [dbo].[price] ([date], [stock_id], [price]) VALUES (CAST(N'2019-03-08' AS Date), 4, 75.809998)
INSERT [dbo].[price] ([date], [stock_id], [price]) VALUES (CAST(N'2019-03-08' AS Date), 5, 44.451942)
INSERT [dbo].[price] ([date], [stock_id], [price]) VALUES (CAST(N'2019-03-11' AS Date), 1, 112.830002)
INSERT [dbo].[price] ([date], [stock_id], [price]) VALUES (CAST(N'2019-03-11' AS Date), 2, 178.899994)
INSERT [dbo].[price] ([date], [stock_id], [price]) VALUES (CAST(N'2019-03-11' AS Date), 3, 181.091522)
INSERT [dbo].[price] ([date], [stock_id], [price]) VALUES (CAST(N'2019-03-11' AS Date), 4, 76.269997)
INSERT [dbo].[price] ([date], [stock_id], [price]) VALUES (CAST(N'2019-03-11' AS Date), 5, 45.780346)
INSERT [dbo].[price] ([date], [stock_id], [price]) VALUES (CAST(N'2019-03-12' AS Date), 1, 113.620003)
INSERT [dbo].[price] ([date], [stock_id], [price]) VALUES (CAST(N'2019-03-12' AS Date), 2, 180.910004)
INSERT [dbo].[price] ([date], [stock_id], [price]) VALUES (CAST(N'2019-03-12' AS Date), 3, 182.639999)
INSERT [dbo].[price] ([date], [stock_id], [price]) VALUES (CAST(N'2019-03-12' AS Date), 4, 76.18)
INSERT [dbo].[price] ([date], [stock_id], [price]) VALUES (CAST(N'2019-03-12' AS Date), 5, 45.65147)
INSERT [dbo].[price] ([date], [stock_id], [price]) VALUES (CAST(N'2019-03-13' AS Date), 1, 114.5)
INSERT [dbo].[price] ([date], [stock_id], [price]) VALUES (CAST(N'2019-03-13' AS Date), 2, 181.710007)
INSERT [dbo].[price] ([date], [stock_id], [price]) VALUES (CAST(N'2019-03-13' AS Date), 3, 181.139999)
INSERT [dbo].[price] ([date], [stock_id], [price]) VALUES (CAST(N'2019-03-13' AS Date), 4, 77.120003)
INSERT [dbo].[price] ([date], [stock_id], [price]) VALUES (CAST(N'2019-03-13' AS Date), 5, 45.820004)
INSERT [dbo].[price] ([date], [stock_id], [price]) VALUES (CAST(N'2019-03-14' AS Date), 1, 114.589996)
INSERT [dbo].[price] ([date], [stock_id], [price]) VALUES (CAST(N'2019-03-14' AS Date), 2, 183.729996)
INSERT [dbo].[price] ([date], [stock_id], [price]) VALUES (CAST(N'2019-03-14' AS Date), 3, 181.610001)
INSERT [dbo].[price] ([date], [stock_id], [price]) VALUES (CAST(N'2019-03-14' AS Date), 4, 76.489998)
INSERT [dbo].[price] ([date], [stock_id], [price]) VALUES (CAST(N'2019-03-14' AS Date), 5, 45.700001)
INSERT [dbo].[price] ([date], [stock_id], [price]) VALUES (CAST(N'2019-03-15' AS Date), 1, 115.910004)
INSERT [dbo].[price] ([date], [stock_id], [price]) VALUES (CAST(N'2019-03-15' AS Date), 2, 186.119995)
INSERT [dbo].[price] ([date], [stock_id], [price]) VALUES (CAST(N'2019-03-15' AS Date), 3, 182.229996)
INSERT [dbo].[price] ([date], [stock_id], [price]) VALUES (CAST(N'2019-03-15' AS Date), 4, 76.660004)
INSERT [dbo].[price] ([date], [stock_id], [price]) VALUES (CAST(N'2019-03-15' AS Date), 5, 45.299999)
GO
INSERT [dbo].[price] ([date], [stock_id], [price]) VALUES (CAST(N'2019-03-18' AS Date), 1, 117.57)
INSERT [dbo].[price] ([date], [stock_id], [price]) VALUES (CAST(N'2019-03-18' AS Date), 2, 188.020004)
INSERT [dbo].[price] ([date], [stock_id], [price]) VALUES (CAST(N'2019-03-18' AS Date), 3, 183.419998)
INSERT [dbo].[price] ([date], [stock_id], [price]) VALUES (CAST(N'2019-03-18' AS Date), 4, 77.879997)
INSERT [dbo].[price] ([date], [stock_id], [price]) VALUES (CAST(N'2019-03-18' AS Date), 5, 45.41)
INSERT [dbo].[price] ([date], [stock_id], [price]) VALUES (CAST(N'2019-03-19' AS Date), 1, 117.650002)
INSERT [dbo].[price] ([date], [stock_id], [price]) VALUES (CAST(N'2019-03-19' AS Date), 2, 186.529999)
INSERT [dbo].[price] ([date], [stock_id], [price]) VALUES (CAST(N'2019-03-19' AS Date), 3, 184.130005)
INSERT [dbo].[price] ([date], [stock_id], [price]) VALUES (CAST(N'2019-03-19' AS Date), 4, 78.459999)
INSERT [dbo].[price] ([date], [stock_id], [price]) VALUES (CAST(N'2019-03-19' AS Date), 5, 45.560001)
INSERT [dbo].[price] ([date], [stock_id], [price]) VALUES (CAST(N'2019-03-20' AS Date), 1, 117.519997)
INSERT [dbo].[price] ([date], [stock_id], [price]) VALUES (CAST(N'2019-03-20' AS Date), 2, 188.160004)
INSERT [dbo].[price] ([date], [stock_id], [price]) VALUES (CAST(N'2019-03-20' AS Date), 3, 186.100006)
INSERT [dbo].[price] ([date], [stock_id], [price]) VALUES (CAST(N'2019-03-20' AS Date), 4, 77.540001)
INSERT [dbo].[price] ([date], [stock_id], [price]) VALUES (CAST(N'2019-03-20' AS Date), 5, 45.529999)
INSERT [dbo].[price] ([date], [stock_id], [price]) VALUES (CAST(N'2019-03-21' AS Date), 1, 120.220001)
INSERT [dbo].[price] ([date], [stock_id], [price]) VALUES (CAST(N'2019-03-21' AS Date), 2, 195.089996)
INSERT [dbo].[price] ([date], [stock_id], [price]) VALUES (CAST(N'2019-03-21' AS Date), 3, 189.970001)
INSERT [dbo].[price] ([date], [stock_id], [price]) VALUES (CAST(N'2019-03-21' AS Date), 4, 79.489998)
INSERT [dbo].[price] ([date], [stock_id], [price]) VALUES (CAST(N'2019-03-21' AS Date), 5, 45.509998)
INSERT [dbo].[price] ([date], [stock_id], [price]) VALUES (CAST(N'2019-03-22' AS Date), 1, 117.050003)
INSERT [dbo].[price] ([date], [stock_id], [price]) VALUES (CAST(N'2019-03-22' AS Date), 2, 191.050003)
INSERT [dbo].[price] ([date], [stock_id], [price]) VALUES (CAST(N'2019-03-22' AS Date), 3, 188.75)
INSERT [dbo].[price] ([date], [stock_id], [price]) VALUES (CAST(N'2019-03-22' AS Date), 4, 78.32)
INSERT [dbo].[price] ([date], [stock_id], [price]) VALUES (CAST(N'2019-03-22' AS Date), 5, 45.93)
INSERT [dbo].[price] ([date], [stock_id], [price]) VALUES (CAST(N'2019-03-25' AS Date), 1, 117.660004)
INSERT [dbo].[price] ([date], [stock_id], [price]) VALUES (CAST(N'2019-03-25' AS Date), 2, 188.740005)
INSERT [dbo].[price] ([date], [stock_id], [price]) VALUES (CAST(N'2019-03-25' AS Date), 3, 189.679993)
INSERT [dbo].[price] ([date], [stock_id], [price]) VALUES (CAST(N'2019-03-25' AS Date), 4, 78.529999)
INSERT [dbo].[price] ([date], [stock_id], [price]) VALUES (CAST(N'2019-03-25' AS Date), 5, 46.029999)
INSERT [dbo].[price] ([date], [stock_id], [price]) VALUES (CAST(N'2019-03-26' AS Date), 1, 117.910004)
INSERT [dbo].[price] ([date], [stock_id], [price]) VALUES (CAST(N'2019-03-26' AS Date), 2, 186.789993)
INSERT [dbo].[price] ([date], [stock_id], [price]) VALUES (CAST(N'2019-03-26' AS Date), 3, 189.339996)
INSERT [dbo].[price] ([date], [stock_id], [price]) VALUES (CAST(N'2019-03-26' AS Date), 4, 79.629997)
INSERT [dbo].[price] ([date], [stock_id], [price]) VALUES (CAST(N'2019-03-26' AS Date), 5, 46.639999)
INSERT [dbo].[price] ([date], [stock_id], [price]) VALUES (CAST(N'2019-03-27' AS Date), 1, 116.769997)
INSERT [dbo].[price] ([date], [stock_id], [price]) VALUES (CAST(N'2019-03-27' AS Date), 2, 188.470001)
INSERT [dbo].[price] ([date], [stock_id], [price]) VALUES (CAST(N'2019-03-27' AS Date), 3, 189.25)
INSERT [dbo].[price] ([date], [stock_id], [price]) VALUES (CAST(N'2019-03-27' AS Date), 4, 79.82)
INSERT [dbo].[price] ([date], [stock_id], [price]) VALUES (CAST(N'2019-03-27' AS Date), 5, 46.610001)
INSERT [dbo].[price] ([date], [stock_id], [price]) VALUES (CAST(N'2019-03-28' AS Date), 1, 116.93)
INSERT [dbo].[price] ([date], [stock_id], [price]) VALUES (CAST(N'2019-03-28' AS Date), 2, 188.720001)
INSERT [dbo].[price] ([date], [stock_id], [price]) VALUES (CAST(N'2019-03-28' AS Date), 3, 190.059998)
INSERT [dbo].[price] ([date], [stock_id], [price]) VALUES (CAST(N'2019-03-28' AS Date), 4, 80.32)
INSERT [dbo].[price] ([date], [stock_id], [price]) VALUES (CAST(N'2019-03-28' AS Date), 5, 46.580002)
INSERT [dbo].[price] ([date], [stock_id], [price]) VALUES (CAST(N'2019-03-29' AS Date), 1, 117.940002)
INSERT [dbo].[price] ([date], [stock_id], [price]) VALUES (CAST(N'2019-03-29' AS Date), 2, 189.949997)
INSERT [dbo].[price] ([date], [stock_id], [price]) VALUES (CAST(N'2019-03-29' AS Date), 3, 191.889999)
INSERT [dbo].[price] ([date], [stock_id], [price]) VALUES (CAST(N'2019-03-29' AS Date), 4, 80.260002)
INSERT [dbo].[price] ([date], [stock_id], [price]) VALUES (CAST(N'2019-03-29' AS Date), 5, 46.860001)
INSERT [dbo].[price] ([date], [stock_id], [price]) VALUES (CAST(N'2019-04-01' AS Date), 1, 119.019997)
INSERT [dbo].[price] ([date], [stock_id], [price]) VALUES (CAST(N'2019-04-01' AS Date), 2, 191.240005)
INSERT [dbo].[price] ([date], [stock_id], [price]) VALUES (CAST(N'2019-04-01' AS Date), 3, 195.639999)
INSERT [dbo].[price] ([date], [stock_id], [price]) VALUES (CAST(N'2019-04-01' AS Date), 4, 79.970001)
INSERT [dbo].[price] ([date], [stock_id], [price]) VALUES (CAST(N'2019-04-01' AS Date), 5, 46.720001)
INSERT [dbo].[price] ([date], [stock_id], [price]) VALUES (CAST(N'2019-04-02' AS Date), 1, 119.190002)
INSERT [dbo].[price] ([date], [stock_id], [price]) VALUES (CAST(N'2019-04-02' AS Date), 2, 194.020004)
INSERT [dbo].[price] ([date], [stock_id], [price]) VALUES (CAST(N'2019-04-02' AS Date), 3, 194.309998)
INSERT [dbo].[price] ([date], [stock_id], [price]) VALUES (CAST(N'2019-04-02' AS Date), 4, 79.459999)
INSERT [dbo].[price] ([date], [stock_id], [price]) VALUES (CAST(N'2019-04-02' AS Date), 5, 46.57)
INSERT [dbo].[price] ([date], [stock_id], [price]) VALUES (CAST(N'2019-04-03' AS Date), 1, 119.970001)
INSERT [dbo].[price] ([date], [stock_id], [price]) VALUES (CAST(N'2019-04-03' AS Date), 2, 195.350006)
INSERT [dbo].[price] ([date], [stock_id], [price]) VALUES (CAST(N'2019-04-03' AS Date), 3, 198.610001)
INSERT [dbo].[price] ([date], [stock_id], [price]) VALUES (CAST(N'2019-04-03' AS Date), 4, 79.309998)
INSERT [dbo].[price] ([date], [stock_id], [price]) VALUES (CAST(N'2019-04-03' AS Date), 5, 46.18)
INSERT [dbo].[price] ([date], [stock_id], [price]) VALUES (CAST(N'2019-04-04' AS Date), 1, 119.360001)
INSERT [dbo].[price] ([date], [stock_id], [price]) VALUES (CAST(N'2019-04-04' AS Date), 2, 195.690002)
INSERT [dbo].[price] ([date], [stock_id], [price]) VALUES (CAST(N'2019-04-04' AS Date), 3, 200.449997)
INSERT [dbo].[price] ([date], [stock_id], [price]) VALUES (CAST(N'2019-04-04' AS Date), 4, 81.379997)
INSERT [dbo].[price] ([date], [stock_id], [price]) VALUES (CAST(N'2019-04-04' AS Date), 5, 46.48)
INSERT [dbo].[price] ([date], [stock_id], [price]) VALUES (CAST(N'2019-04-05' AS Date), 1, 119.889999)
INSERT [dbo].[price] ([date], [stock_id], [price]) VALUES (CAST(N'2019-04-05' AS Date), 2, 197)
INSERT [dbo].[price] ([date], [stock_id], [price]) VALUES (CAST(N'2019-04-05' AS Date), 3, 202.059998)
INSERT [dbo].[price] ([date], [stock_id], [price]) VALUES (CAST(N'2019-04-05' AS Date), 4, 80.940002)
INSERT [dbo].[price] ([date], [stock_id], [price]) VALUES (CAST(N'2019-04-05' AS Date), 5, 46.470001)
INSERT [dbo].[price] ([date], [stock_id], [price]) VALUES (CAST(N'2019-04-08' AS Date), 1, 119.93)
INSERT [dbo].[price] ([date], [stock_id], [price]) VALUES (CAST(N'2019-04-08' AS Date), 2, 200.100006)
INSERT [dbo].[price] ([date], [stock_id], [price]) VALUES (CAST(N'2019-04-08' AS Date), 3, 203.550003)
INSERT [dbo].[price] ([date], [stock_id], [price]) VALUES (CAST(N'2019-04-08' AS Date), 4, 81.93)
INSERT [dbo].[price] ([date], [stock_id], [price]) VALUES (CAST(N'2019-04-08' AS Date), 5, 46.549999)
INSERT [dbo].[price] ([date], [stock_id], [price]) VALUES (CAST(N'2019-04-09' AS Date), 1, 119.279999)
INSERT [dbo].[price] ([date], [stock_id], [price]) VALUES (CAST(N'2019-04-09' AS Date), 2, 199.5)
INSERT [dbo].[price] ([date], [stock_id], [price]) VALUES (CAST(N'2019-04-09' AS Date), 3, 200.899994)
INSERT [dbo].[price] ([date], [stock_id], [price]) VALUES (CAST(N'2019-04-09' AS Date), 4, 80.660004)
INSERT [dbo].[price] ([date], [stock_id], [price]) VALUES (CAST(N'2019-04-09' AS Date), 5, 46.669998)
INSERT [dbo].[price] ([date], [stock_id], [price]) VALUES (CAST(N'2019-04-10' AS Date), 1, 120.190002)
INSERT [dbo].[price] ([date], [stock_id], [price]) VALUES (CAST(N'2019-04-10' AS Date), 2, 200.619995)
INSERT [dbo].[price] ([date], [stock_id], [price]) VALUES (CAST(N'2019-04-10' AS Date), 3, 199.429993)
INSERT [dbo].[price] ([date], [stock_id], [price]) VALUES (CAST(N'2019-04-10' AS Date), 4, 80.75)
INSERT [dbo].[price] ([date], [stock_id], [price]) VALUES (CAST(N'2019-04-10' AS Date), 5, 46.639999)
INSERT [dbo].[price] ([date], [stock_id], [price]) VALUES (CAST(N'2019-04-11' AS Date), 1, 120.330002)
INSERT [dbo].[price] ([date], [stock_id], [price]) VALUES (CAST(N'2019-04-11' AS Date), 2, 198.949997)
INSERT [dbo].[price] ([date], [stock_id], [price]) VALUES (CAST(N'2019-04-11' AS Date), 3, 201.479996)
INSERT [dbo].[price] ([date], [stock_id], [price]) VALUES (CAST(N'2019-04-11' AS Date), 4, 80.449997)
INSERT [dbo].[price] ([date], [stock_id], [price]) VALUES (CAST(N'2019-04-11' AS Date), 5, 46.709999)
INSERT [dbo].[price] ([date], [stock_id], [price]) VALUES (CAST(N'2019-04-12' AS Date), 1, 120.949997)
INSERT [dbo].[price] ([date], [stock_id], [price]) VALUES (CAST(N'2019-04-12' AS Date), 2, 198.869995)
INSERT [dbo].[price] ([date], [stock_id], [price]) VALUES (CAST(N'2019-04-12' AS Date), 3, 203.850006)
INSERT [dbo].[price] ([date], [stock_id], [price]) VALUES (CAST(N'2019-04-12' AS Date), 4, 80.730003)
INSERT [dbo].[price] ([date], [stock_id], [price]) VALUES (CAST(N'2019-04-12' AS Date), 5, 46.740002)
GO
INSERT [dbo].[price] ([date], [stock_id], [price]) VALUES (CAST(N'2019-04-15' AS Date), 1, 121.050003)
INSERT [dbo].[price] ([date], [stock_id], [price]) VALUES (CAST(N'2019-04-15' AS Date), 2, 199.229996)
INSERT [dbo].[price] ([date], [stock_id], [price]) VALUES (CAST(N'2019-04-15' AS Date), 3, 204.860001)
INSERT [dbo].[price] ([date], [stock_id], [price]) VALUES (CAST(N'2019-04-15' AS Date), 4, 81.980003)
INSERT [dbo].[price] ([date], [stock_id], [price]) VALUES (CAST(N'2019-04-15' AS Date), 5, 47)
INSERT [dbo].[price] ([date], [stock_id], [price]) VALUES (CAST(N'2019-04-16' AS Date), 1, 120.769997)
INSERT [dbo].[price] ([date], [stock_id], [price]) VALUES (CAST(N'2019-04-16' AS Date), 2, 199.25)
INSERT [dbo].[price] ([date], [stock_id], [price]) VALUES (CAST(N'2019-04-16' AS Date), 3, 204.470001)
INSERT [dbo].[price] ([date], [stock_id], [price]) VALUES (CAST(N'2019-04-16' AS Date), 4, 81.970001)
INSERT [dbo].[price] ([date], [stock_id], [price]) VALUES (CAST(N'2019-04-16' AS Date), 5, 46.950001)
INSERT [dbo].[price] ([date], [stock_id], [price]) VALUES (CAST(N'2019-04-17' AS Date), 1, 121.769997)
INSERT [dbo].[price] ([date], [stock_id], [price]) VALUES (CAST(N'2019-04-17' AS Date), 2, 203.130005)
INSERT [dbo].[price] ([date], [stock_id], [price]) VALUES (CAST(N'2019-04-17' AS Date), 3, 206.550003)
INSERT [dbo].[price] ([date], [stock_id], [price]) VALUES (CAST(N'2019-04-17' AS Date), 4, 82.68)
INSERT [dbo].[price] ([date], [stock_id], [price]) VALUES (CAST(N'2019-04-17' AS Date), 5, 47.279999)
INSERT [dbo].[price] ([date], [stock_id], [price]) VALUES (CAST(N'2019-04-18' AS Date), 1, 123.370003)
INSERT [dbo].[price] ([date], [stock_id], [price]) VALUES (CAST(N'2019-04-18' AS Date), 2, 203.860001)
INSERT [dbo].[price] ([date], [stock_id], [price]) VALUES (CAST(N'2019-04-18' AS Date), 3, 205.660004)
INSERT [dbo].[price] ([date], [stock_id], [price]) VALUES (CAST(N'2019-04-18' AS Date), 4, 83.260002)
INSERT [dbo].[price] ([date], [stock_id], [price]) VALUES (CAST(N'2019-04-18' AS Date), 5, 47.48)
INSERT [dbo].[price] ([date], [stock_id], [price]) VALUES (CAST(N'2019-04-22' AS Date), 1, 123.760002)
INSERT [dbo].[price] ([date], [stock_id], [price]) VALUES (CAST(N'2019-04-22' AS Date), 2, 204.529999)
INSERT [dbo].[price] ([date], [stock_id], [price]) VALUES (CAST(N'2019-04-22' AS Date), 3, 204.779999)
INSERT [dbo].[price] ([date], [stock_id], [price]) VALUES (CAST(N'2019-04-22' AS Date), 4, 82.019997)
INSERT [dbo].[price] ([date], [stock_id], [price]) VALUES (CAST(N'2019-04-22' AS Date), 5, 47.400002)
INSERT [dbo].[price] ([date], [stock_id], [price]) VALUES (CAST(N'2019-04-23' AS Date), 1, 125.440002)
INSERT [dbo].[price] ([date], [stock_id], [price]) VALUES (CAST(N'2019-04-23' AS Date), 2, 207.479996)
INSERT [dbo].[price] ([date], [stock_id], [price]) VALUES (CAST(N'2019-04-23' AS Date), 3, 206.050003)
INSERT [dbo].[price] ([date], [stock_id], [price]) VALUES (CAST(N'2019-04-23' AS Date), 4, 82.160004)
INSERT [dbo].[price] ([date], [stock_id], [price]) VALUES (CAST(N'2019-04-23' AS Date), 5, 48.209999)
INSERT [dbo].[price] ([date], [stock_id], [price]) VALUES (CAST(N'2019-04-24' AS Date), 1, 125.010002)
INSERT [dbo].[price] ([date], [stock_id], [price]) VALUES (CAST(N'2019-04-24' AS Date), 2, 207.160004)
INSERT [dbo].[price] ([date], [stock_id], [price]) VALUES (CAST(N'2019-04-24' AS Date), 3, 206.720001)
INSERT [dbo].[price] ([date], [stock_id], [price]) VALUES (CAST(N'2019-04-24' AS Date), 4, 82.879997)
INSERT [dbo].[price] ([date], [stock_id], [price]) VALUES (CAST(N'2019-04-24' AS Date), 5, 47.98)
INSERT [dbo].[price] ([date], [stock_id], [price]) VALUES (CAST(N'2019-04-25' AS Date), 1, 129.149994)
INSERT [dbo].[price] ([date], [stock_id], [price]) VALUES (CAST(N'2019-04-25' AS Date), 2, 205.279999)
INSERT [dbo].[price] ([date], [stock_id], [price]) VALUES (CAST(N'2019-04-25' AS Date), 3, 206.5)
INSERT [dbo].[price] ([date], [stock_id], [price]) VALUES (CAST(N'2019-04-25' AS Date), 4, 81.739998)
INSERT [dbo].[price] ([date], [stock_id], [price]) VALUES (CAST(N'2019-04-25' AS Date), 5, 47.84)
INSERT [dbo].[price] ([date], [stock_id], [price]) VALUES (CAST(N'2019-04-26' AS Date), 1, 129.889999)
INSERT [dbo].[price] ([date], [stock_id], [price]) VALUES (CAST(N'2019-04-26' AS Date), 2, 204.300003)
INSERT [dbo].[price] ([date], [stock_id], [price]) VALUES (CAST(N'2019-04-26' AS Date), 3, 203.610001)
INSERT [dbo].[price] ([date], [stock_id], [price]) VALUES (CAST(N'2019-04-26' AS Date), 4, 77.120003)
INSERT [dbo].[price] ([date], [stock_id], [price]) VALUES (CAST(N'2019-04-26' AS Date), 5, 48.259998)
INSERT [dbo].[price] ([date], [stock_id], [price]) VALUES (CAST(N'2019-04-29' AS Date), 1, 129.770004)
INSERT [dbo].[price] ([date], [stock_id], [price]) VALUES (CAST(N'2019-04-29' AS Date), 2, 204.610001)
INSERT [dbo].[price] ([date], [stock_id], [price]) VALUES (CAST(N'2019-04-29' AS Date), 3, 202.160004)
INSERT [dbo].[price] ([date], [stock_id], [price]) VALUES (CAST(N'2019-04-29' AS Date), 4, 77.800003)
INSERT [dbo].[price] ([date], [stock_id], [price]) VALUES (CAST(N'2019-04-29' AS Date), 5, 48.419998)
INSERT [dbo].[price] ([date], [stock_id], [price]) VALUES (CAST(N'2019-04-30' AS Date), 1, 130.600006)
INSERT [dbo].[price] ([date], [stock_id], [price]) VALUES (CAST(N'2019-04-30' AS Date), 2, 200.669998)
INSERT [dbo].[price] ([date], [stock_id], [price]) VALUES (CAST(N'2019-04-30' AS Date), 3, 203.699997)
INSERT [dbo].[price] ([date], [stock_id], [price]) VALUES (CAST(N'2019-04-30' AS Date), 4, 77.419998)
INSERT [dbo].[price] ([date], [stock_id], [price]) VALUES (CAST(N'2019-04-30' AS Date), 5, 49.060001)
INSERT [dbo].[price] ([date], [stock_id], [price]) VALUES (CAST(N'2019-05-01' AS Date), 1, 129.839996)
INSERT [dbo].[price] ([date], [stock_id], [price]) VALUES (CAST(N'2019-05-01' AS Date), 2, 212.800003)
INSERT [dbo].[price] ([date], [stock_id], [price]) VALUES (CAST(N'2019-05-01' AS Date), 3, 201.339996)
INSERT [dbo].[price] ([date], [stock_id], [price]) VALUES (CAST(N'2019-05-01' AS Date), 4, 77.139999)
INSERT [dbo].[price] ([date], [stock_id], [price]) VALUES (CAST(N'2019-05-01' AS Date), 5, 48.955002)
SET IDENTITY_INSERT [dbo].[user] ON 

INSERT [dbo].[user] ([name], [salt], [hash], [id]) VALUES (N'colin', 0x8338A75D7D2D334A, 0x2D6A79A6DA8BAC82D2FC1B8F7A3E6FBD92CF7E4880AEA8F293B1DC6920724C7511B5E38661A8529FAC86EDA745B802EBA9A7C972FB1C156C561530FD49178E8E, 2)
INSERT [dbo].[user] ([name], [salt], [hash], [id]) VALUES (N'declan', 0x81F78D7E1402D6A2, 0xAB4BC58B3848718ED9AD76AAC52C068C820DDDF050BE96075187FD07C416B8F2F2E6936C225348CBBA84D2D34A9333230F6BFB08FB395DCD42FAEFB8F20BBF9F, 3)
INSERT [dbo].[user] ([name], [salt], [hash], [id]) VALUES (N'gene', 0xC43D5B9AE9D1CC05, 0xBACB0AC10E54CF8A5CBE26F847BD1A3CE1A7920DA88B6BEFBB550DBDC0EB53D4BEA431956BA4D8871C4DF3AED59BE19634A97921BBA3A1F1BCFB9585CB16DF5E, 4)
SET IDENTITY_INSERT [dbo].[user] OFF
ALTER TABLE [dbo].[ledger]  WITH CHECK ADD  CONSTRAINT [FK_ledger_ledger] FOREIGN KEY([id])
REFERENCES [dbo].[ledger] ([id])
GO
ALTER TABLE [dbo].[ledger] CHECK CONSTRAINT [FK_ledger_ledger]
GO
ALTER TABLE [dbo].[ledger]  WITH CHECK ADD  CONSTRAINT [FK_ledger_user] FOREIGN KEY([user_id])
REFERENCES [dbo].[user] ([id])
GO
ALTER TABLE [dbo].[ledger] CHECK CONSTRAINT [FK_ledger_user]
GO
ALTER TABLE [dbo].[price]  WITH CHECK ADD  CONSTRAINT [FK_price_compnay] FOREIGN KEY([stock_id])
REFERENCES [dbo].[compnay] ([id])
GO
ALTER TABLE [dbo].[price] CHECK CONSTRAINT [FK_price_compnay]
GO
USE [master]
GO
ALTER DATABASE [portfoliomanagement] SET  READ_WRITE 
GO
